sample_id,content_id,platform,language,text,post_title,translation_fa,target,annotator_id,sentiment_label,stance_label,emotion_label,content_type_label,confidence,notes
16,UgzNkmH6TNDvPI8zD6B4AaABAg.AZT9FdFs8LRAZT9oniYlqX,youtube,en,Talk about ignorance 😂😂,BREAKING: US launches STRIKES against Iran for ninth consecutive night #shorts #foxnews #news #fox,,,,,,,,,
27,Ugzlfhhj9SCKAJ6eq0F4AaABAg,youtube,fa,ارتش ملاها چرا نام نیک آریایی آرش را روی پهپادهای خونریزت گذاشتی بزار ابوالفضل قاسم یا ممل علی,گزارش روز با مجتبا پورمحسن: افزایش احتمال حمله زمینی آمریکا به ایران,,,,,,,,,
36,UgwwxyeaYLmIo4R3OIV4AaABAg,youtube,en,Why no one asks about the mass murdering of Iranians in the hands of Islamist occupying Iran? Or why Islamist regime is in Lebanon? While Iranians are suffering the murderous Islamist regime spending money for proxy wars? Why no journalist ever ask the right questions?,پرسش‌گری خبرنگار رسانه تحریم‌شده جمهوری اسلامی از معاون رییس‌جمهوری آمریکا در سوئیس,,,,,,,,,
44,Ugx_kER5Dyc15FWvL_N4AaABAg,youtube,ar,الله ينصرهم انشاء الله,"إيران تكسر خطوط أمريكا الحمراء .. وترامب يواجه ""المجانين"" في طهران",,,,,,,,,
49,UgyHCfiCeqlTK4nN6YF4AaABAg,youtube,en,"It looks like the Americans rather try to hug it out with the bullies than defend their country. Emotional people can't even resolve their own issues. If you think that's bad, wait when Iran has the capability to bomb the U.S directly. Just keep crying or stand up and defend the best country in the world. If you're tired of living there there are pleanty of others that would happily take your place.",BREAKING: New video shows Iranian missile attack on US base in Jordan,,,,,,,,,
60,UgyzGPVJugkZL_jUAOB4AaABAg,youtube,ar,لا ليس انزال بري بل خنزير بري أو كلب بحر,خارج الصندوق | قبل أن يضغط ترمب الزر.. تحركات أخيرة في إيران,,,,,,,,,
64,UgyJer4PjMtD-tfRIHx4AaABAg,youtube,fa,کسی میدونه دلیل مرگ سناتور لیندسی گراهام  چی بوده ؟؟؟؟؟,سپاه پاسداران تداوم تنش با آمریکا را به توافق ترجیح داده است,,,,,,,,,
69,UgwFHhIJF3udNn1PsX14AaABAg.AZPePyatTNJAZQAzfacL2-,youtube,en,"Only Ask Help from Allah Swt.
Just like Surah Fatihah. 
All other Forms of Du'a are Shirk . 
Associating Partners with Allah swt is the Greatest Sin of All. 
It's the way of Pagans and Idol worshipper's, to ask help from Moses, Jesus and Muhammad , Peace be upon them All.

Pagans and Idol Worshippers ask help in Du'a  from Human Beings, Prophets, Saints, and ancestral Idols. 

Islam Corrected all of them in Qur'an and mentioned Believers to directly Ask from Allah swt.",Smoke rises from Kuwait oil facility after Iranian attack,,,,,,,,,
71,Ugw7mDk6pp27fd4C6BV4AaABAg,youtube,fa,استاد هاشمی نمی دانم که شما یهودی هستید یا ایرانی به جای قوی نشان دادن اسلام شما به این حرف های تان دشمن راقوی می سازید حرف های استاد خزری کاملا درست وبه جاست,مناظره؛ آمریکا چه می‌کرد که خامنه‌ای دیگر نمی‌گفت «آمریکا هیچ غلطی نمی‌کند»؟,,,,,,,,,
72,UgwLrQ6E9iGFcNwAw-l4AaABAg,youtube,en,This idiot just can't stop!,BREAKING: Trump issues NEW WARNING to Iran,,,,,,,,,
73,Ugx4dMPFntU_jxe4dul4AaABAg.AZW3AGVsPNZAZXQHroH0nI,youtube,ar,​@منتضر-ف8تالحرس الصهيوايراني هم من استحل بلاد العرب والمسلمين وهجرهم وابادهم في العراق وسوريا ولبنان واليمن والاحواز وعزة وافغانيستان والان مصر,واشنطن بوست: الولايات المتحدة تقترب من حرب شاملة مع إيران وسط تحذيرات من تدخل بري قد يشعل المنطقة,,,,,,,,,
78,UgweRm077ZFTRCPWK5N4AaABAg,youtube,en,Suckers and losers according to our President. Don’t forget that.,13 US troops injured in Iran war this week,,,,,,,,,
82,Ugw4R7Tg66uQNlqdP6d4AaABAg.AV2tkiNgk3FAV4R6nxz8QB,youtube,fa,بد بخت خود فروخته توای افغانستان هم شاخ امریکا را شکست ایران وافغانستان دوبرادراست و دشمن مشترک دارند ما مانند شما وطن فروش ها نیستیم ما شاخ همه خرد مینمایم یک کمی تاریخ افغانستان را بخوان یا رامبو شش نگاه کن از کمنت زشت ات اصلا خوشم نیامد....😢,والی طالبان: از پیروزی ایران در برابر آمریکا و اسرائیل حمایت می‌کنیم,,,,,,,,,
86,UgzResaDhEsz8vjFoCF4AaABAg,youtube,en,Let's goooo Iran,13 US troops injured in Iran war this week,,,,,,,,,
91,2065703407843676459,x,fa,"یا اجازه دهد اسرائیل به تضعیف تدریجی حزب‌الله ادامه دهد.

در مقابل، ایران در تغییر رفتار آمریکا موفق‌تر بوده است. بستن تنگه هرمز و شلیک هزاران موشک و پهپاد به کشورهای حاشیه خلیج فارس از عواملی بود که ترامپ را در ماه آوریل به پذیرش آتش‌بس سوق داد. از آن زمان، ایران روی یک طناب",,,,,,,,,,
93,UgzNAXQUOELEwSTad_14AaABAg.AZCIpzbJVayAZCZRnTLjmD,youtube,en,​@praveenmalhotra159 Of course not. It was sarcasm.,"US hits 'dozens' of Iranian sites in strikes, as Iran targets US bases in region | BBC News",,,,,,,,,
103,UgwXrwSHCn48hodeyc14AaABAg,youtube,ar,زنده آبدانان قهرمان ❤❤❤❤❤❤,جنگ آمریکا و اسرائیل با ایران - حمله به آبدانان - ۱۵ اسفند,,,,,,,,,
104,Ugxu6xlhsgDmqy9Q8Gt4AaABAg,youtube,ar,الله يلعنك انت والخليج أتمنى من إيران تنسف الخليج يا مطبلي أمريكا قدمتم لهم حتى نسائكم يا خونة الخليج يقدم البنزين للطائرات الحربية الإسرائيلية لقصف إيران ايش تنتظر يا كويتي من إيران يا ابن القاف,العاشرة | أهداف أميركا تتوسع في طهران.. واعتداءات إيران على الجوار تتزايد,,,,,,,,,
105,UgyzXG_Rym9i6bdt9Xl4AaABAg.AZAt2F3RFeBAZUeT0thVNI,youtube,fa,ادم تو جنگ باشه آنقدر ازیت نه می شود وقت دور استی این فکر زهن ادم راحت نه می زارد با این که توکشور امن استم اما استرس,موج سوم حملات آمریکا و پاسخ سپاه و ارتش ایران,,,,,,,,,
114,UgzF1eMPy-tryY_4SPV4AaABAg,youtube,fa,صبر کن تا بیاد،میاد بچه ها؟؟😂,خبرفوری | حملات جدید آمریکا به ایران آغاز شد - گزارش لحظه‌ای,,,,,,,,,
116,Ugxm3Sp1jIuV_7xW3ep4AaABAg,youtube,fa,یک ایران سپاس از خبر ها و تحلیل های خوبت جناب رضایی گرامی 🙏🌺 پاینده ایران جاويد شاه تا ابد 👑❤🤍💚👑,چرا اسرائیل هنوز وارد جنگ ایران و آمریکا نشده؟,,,,,,,,,
119,t1_oqi8sqi,reddit,en,Literal genocide advocate,,,,,,,,,,
125,Ugy9fU5Q2y1-SJLBnfh4AaABAg.ATw_gc9_K8LATwggsekLkg,youtube,fa,تهران منظورتون سپاهیان و فرماندهاشون هستند؟؟؟ آزادی یه بهایی داره اگه نخواهیم اون بها رو بدیم میشیم مثل مردم افغانستان. هیچ وقت حق طلبی نکردن و نخواستن آسیب ببینند. آمریکا تو جنگ جهانی دوم فرانسه رو از دست آلمانی ها نجات داد. اونا هم به رهبر بیشتر نداشتند که فرار کرده بود به انگلیس و از اونجا مدیریت میکرد. فک میکنید چندتا غیر نظامی کشته شدند و کشورشان هم بعد جنگ ویران شده بود.,آسیب به غیرنظامیان در جنگ آمریکا و اسرائیل با ایران,,,,,,,,,
128,UgxFYxdxhesNFgmJ-j14AaABAg,youtube,en,"Yet, Donnie is meeting with the murderous Saudi prince and making an agreement to let the Saudis develop nuclear capability.",US HAMMERS Iran for 11th consecutive night #shorts #us #news #foxnews #iran,,,,,,,,,
129,UgwC_TNHtEe4LecBT-Z4AaABAg,youtube,en,His Trump isn't as good as the other guy,Trump Iran War Address Cold Open - SNL,,,,,,,,,
140,Ugyaf-n4otjGMF7wbmN4AaABAg,youtube,fa,شما که ۴۷سال خاک ایرانو ب گوه کشوندین لعنت ب خائنین ایران,سخنگوی ارتش جمهوری اسلامی: پاسخ به اشغال، بمباران خاک خودمان است,,,,,,,,,
145,UgwEghirifLhCrtPwgB4AaABAg,youtube,en,Excellente vidéo j’ai adoré,Guerre en Iran : Donald Trump est-il prêt à tout ?｜LCI,,,,,,,,,
150,UgyVTB6G3gG_r4OXwxF4AaABAg,youtube,en,I don't know if the people that voted this creature in to office have finally seen what he's all about........ nothing 🤡,'Unbelievable': Hayes on Trump 'partying' at World Cup as his Iran war spirals,,,,,,,,,
152,UgxtvP_KGiUWpyyD7SR4AaABAg,youtube,ar,"Hey Americans, please, more G0yim5 to the meat grinder for the sake of 5hitrعal 😂😂","Israel has ‘no interest’ in joining US war on Iran, says Smotrich | AJ #shorts",,,,,,,,,
153,UgzGNrOK9TocD3eMuVh4AaABAg,youtube,fa,❤❤❤❤🇮🇷🇮🇷🇮🇷🇮🇷🇮🇷✌️✌️✌️✌️  مسلمان های کشورهای عربی غیر از یمن و لبنان و عراق و ایران کجا هستند؟ همان هایی که ایرانی ها را کافر می دانستند؟؟؟  شما کافرید یا ایرانی ها که حتا حاضر نیستید یک سیلی برای اسلام بخورید😢😢😢😢م,Iranian forces: missiles and drones fired at US targets in Gulf States | AJ #shorts,,,,,,,,,
155,UgyIlKKHXM1d27E-rs14AaABAg,youtube,en,USA need more money to take down the global economy attacking Iran who then keep the straight closed,Hegseth grilled over $37.5B Iran war cost: CNN’s first reactions,,,,,,,,,
157,UgwbJt_hzfrr1-QQv5Z4AaABAg,youtube,fa,مذاکره فقط فنی,۲۴ با فرداد فرحزاد: سرنوشت نامشخص مذاکرات ایران و آمریکا,,,,,,,,,
162,UgxATs8ho6ozCkZ-fH54AaABAg,youtube,fa,ترامپ گوز زرت😂😂😂😂😂😂,۲۴ با فرداد فرحزاد: ترامپ: به زودی به کوه کلنگ حمله می‌کنیم,,,,,,,,,
164,t1_ofrlqq3,reddit,en,They don’t follow the lehy law or other laws concerning Israel and nukes and aid 🙄,,,,,,,,,,
166,Ugy4SHGPp7aOq7QxeOh4AaABAg.AZSdC6NJh5RAZSj8POhzCG,youtube,ar,💩 لإيران ولك,إيران تعيش حالة استقطاب شديد بين معسكر يؤيد المفاوضات مع أميركا وآخر يدعم الحرب,,,,,,,,,
171,UgxBhjJfo8XuaaOWZi14AaABAg.AY_5mxcIcTsAY_NzPi1KPL,youtube,fa,"آبروی آمریکا؟ 😂
کدام آبرو؟
اینکه نفت سوریه را میدزدند؟ 
یا اینکه ۷۰ هزار نفر و در سرزمین های اشغالی کشتند 
یا اینکه اوکراین و گوشت قربانی کردن 
اینها ازهمان اول دزد و هرزه بودند 
طبق تاریخ",تیتراول با نیوشا صارمی: تنش در هرمز؛ ازهدف گرفتن یک نفتکش تا حمله پهپادی به بحرین، سپاه چه می‌خواهد؟,,,,,,,,,
172,UgxDKiUeFGbTjK35iMB4AaABAg,youtube,en,Iran IRGC is a joke..😂,"If US invades, 'we will fight them like men', says Iranian diplomat",,,,,,,,,
173,UgyAl5x_RzPlymCZB794AaABAg,youtube,en,The technical updates in equipment are cute. However Trump is 3 steps ahead of the IRGC and 10 steps ahead of CNN when it comes to strategy discussions.,"'Forever war' risk, US sea drones & more: Military experts on Iran war",,,,,,,,,
174,UgzotKXpWq4QupT0K0p4AaABAg,youtube,en,"US being the world leader, didn't solve the Gaza problem, rather bombing the civilian and critical infrastructures in Iran with a view to converting It into a new Gaza. How shocking it is! 😢",US Casualties Rise in Iran Conflict: Will Pressure Force Trump to Change Course?,,,,,,,,,
175,UgzTrXdjL3nwItath354AaABAg.AZKP0rjROp2AZMk7qy-gT_,youtube,fa,شما لطف دارید به مجموعه ما باعث افتخار همراهی شما 🎉❤,ضربه جدید تحریمی؛ آمریکا کیف‌پول‌های دیجیتال مرتبط با بانک مرکزی ایران را تحریم کرد.,,,,,,,,,
179,UgzVBmp1Au8HEqj6jZB4AaABAg,youtube,en,India gave up on being worried because they have been left in the dust😂😂😂,"Iran War Lesson: Russia, China to Triple Hypersonic Missile Arsenal | Vantage on Firstpost | 4K",,,,,,,,,
187,UgxatoP8Nor_ryEVG1J4AaABAg,youtube,en,The ' Islamabad MOU ' is in garbage bin. What a joke. !,Donald Trump warns Iran will pay 'many times over' for deaths of US soldiers | BBC News,,,,,,,,,
191,t1_owvb3qf,reddit,en,"I explained why “all Iran had to do is not fire on ships” and “these exchanges favor the US” is likely wrong.

Both of those assumptions underpin your analysis of strategy.",,,,,,,,,,
196,t1_ofo4syt,reddit,en,Maybe they’re from Scotland and Trump is still a pedo &lt;3,,,,,,,,,,
199,UgwaE0BxOKWYSHXHZgx4AaABAg,youtube,en,clearly not too hidden,CRITICAL TARGET: US plans to DESTROY Iran's hidden mountain nuclear site,,,,,,,,,
207,UgwYnYoFFHNIjp4deV54AaABAg,youtube,fa,من با شنیدن خبر مرگ مرگ عمو لینزی واقعاً ناراحت شدم برای سگم که تو سن پونزده سالگی مُرد😢 پیش خودم گفتم چرا باید یکی مثل عمو لینزی هفتاد سال عمر کنه ولی سگ من به اون خوشگلی و باوفایی🐶 فقط پونزده سال زنده باشه😭😭,جزئیات درگیری چند  ساعت گذشته ایران و آمریکا/حمله سپاه به زاغه مهمات/انتقاد بیرو از مهدی مهدوی‌کیا,,,,,,,,,
211,UgwqYneNzu6Q3r89XuZ4AaABAg,youtube,en,❤Iran . Thank you,Moment Iranian missiles hit airbase in Jordan killing US soldiers | AJ #shorts,,,,,,,,,
223,Ugz04tLbdUqw4uiWWw14AaABAg,youtube,en,"To all you more ons in here, what would you all do with Iran ? Let them make a nuke bomb ? Let them be terrorists to the world ? You LBGQT people think your gonna live there happy ever after ? What is your solutions ?",DEVELOPING: US drives strikes DEEPER into Iran,,,,,,,,,
232,Ugz-_wpNHdDVL_zqhDd4AaABAg.AZRciwKKvuiAZRqNnYMOO7,youtube,ar,ايران الظرطة الشر ذمة قاتلهم الله وشل أركانهم ودمرهم تدميرا,أميركا تستهدف منشآت الصواريخ والمسيّرات الإيرانية.. وانفجارات قرب جزيرة قشم,,,,,,,,,
233,UgxCTOCmyw-vhLs4UPp4AaABAg,youtube,fa,ایران  با موشک‌های  پلاسمایی. تمام. ناوهای دشمن را. فلج کند انشالله. خدا یاورتان باشد همیشه انشالله صلوات,افزایش تنش نظامی در خلیج فارس؛ ایران از حملات به مواضع آمریکا خبر داد,,,,,,,,,
234,t1_ocyx78n,reddit,en,Jealousy.,,,,,,,,,,
237,UgwfgzgMNW_RV7KRa8t4AaABAg,youtube,en,I love you Iran ♥️❤️,د ایران او امریکا ترمنځ تازه متقابل بریدونه,,,,,,,,,
240,t1_oevjvgf,reddit,en,"Sure, and anything is possible. What I'm saying is I believe that enough levers are actually still in place where such extreme measures as folks are suggesting in the thread are extremely unlikely.",,,,,,,,,,
244,UgyEXJ2XsDVAIJlq_fV4AaABAg,youtube,en,"This ain’t gonna do shit, Strait can be closed off by a kid with an RPG, a fishing boat, and decent aim. As long as they’re even is a hint of danger, no ship is gonna be willing to risk their profits.",Why America Destroyed Iran's Bridges,,,,,,,,,
255,Ugy8ftQBpcjstp5hHRl4AaABAg,youtube,en,You can chocke,Iran war: 3 ways China won without firing a shot | Fareed's Take,,,,,,,,,
256,UgywJ_ocfynJYbBD8bV4AaABAg,youtube,fa,ترامپ چون از برگشتن بجنگ می‌ترسه مدام برای مذاکره دم تکان میده ترامپ ازترس جنگ کشورهای عربی را فرستاده تهران,حرف آخر با پوریا زراعتی - پیام قالیباف به ترامپ درباره‌ی مجتبی,,,,,,,,,
257,UgwpsE_2WBHQP5sNUl94AaABAg,youtube,ar,ولما وزير البلطجة قال مش هندفع تمن حماية المنطقة ايه اللي جابه هو وعصابته للمنطقة محدش طلب منهم يجوا واصلا ايران كانت في حالها هم ضربوها وجابوا الدمار للمنطقة والمفروض تدفع تعويض لكل دول الخليج علي اقحامهم في حرب كانوا في غني عنها لولا استرضاءهم لاسرائيل,"#السعودية تحتل #ايران , #ترامب يحشد #الخليج و #باكستان للغزو البري",,,,,,,,,
274,Ugwv6v3ijdfIhVaZy6F4AaABAg,youtube,fa,با تمام قوا و توان نظامی کل کشور حمله و لشکر کشی کن به آمریکا تمام خاکش رو تصرف کن,حمله اتمی ایران به آمریکا؛ پایان جنگ نزدیک است؟ 🔥 HOI4 P15,,,,,,,,,
275,UgxwO-tDJccvoDfsIb14AaABAg,youtube,en,"I should just copy and paste this, but will someone PLEASE talk about why Israel blocked BABY FORMULA from entering GAZA above any other item. They have Deliberately MENTALLY-HANDICAPPED A GENERATION OF PALESTINIANS. They knew that calories could be obtained so you didn't have tens of thousands of infant deaths, but they knew they would suffer irreparable cognitive damage.  PLEASE HIGHLIGHT THIS. The 'BMJ' has papers published on it.",Inside Iran’s strategy against the US,,,,,,,,,
284,UgzHIzqVJFn5xVCH0zN4AaABAg,youtube,en,Trump doesn't care that there are dead US soldiers. He is only worried about himself.,Trump Threatens PAYBACK For US Deaths As Iran Lights STRAIT On Fire,,,,,,,,,
291,Ugy9LNtOeMA90zK_qdV4AaABAg,youtube,en,"Daniel 8:25     20% FEE on a War Trump started
And through his policy also he shall cause craft to prosper in his hand; and he shall magnify himself in his heart, and by peace shall destroy many: he shall also stand up against the Prince of princes; but he shall be broken without hand.
Revelation of John 6:4  THE WAR TO END ALL WARS
And there went out another horse that was red: and power was given to him that sat thereon to take peace from the earth, and that they should kill one another: and there was given unto him a great sword.
Wisdom 18:15   THE 3RD WOE COME QUICKLY
Thine Almighty word leaped down from heaven out of thy royal throne, as a fierce man of war into the midst of a land of destruction,",US to restart blockade after 3rd night of Iran strikes,,,,,,,,,
297,UgzS7yRsG5Eav9ZsiSR4AaABAg,youtube,en,"so Iran hits millitary targets, trump responds by hitting civilian targets, Iran responds by hitting civilian targets and now America is the one crying?",US denies hitting Iranian infrastructure in new wave of strikes | BBC News,,,,,,,,,
