sample_id,post_id,language,text,translation_fa,human_label,notes
1,hmUUiGxcNdk,ar,كلام صحيح 100٪,حرف صد در صد درست است,,
2,YkQ1HIfYXJY,en,"U.S. Senators, Representatives, and Trump administration officials who received lobbying money from a personal information leakage company that generates 80% of its revenue solely from South Korea are actively defending this company. Do you consider this to be justice?","سناتورها، نمایندگان کنگره آمریکا و مقامات دولت ترامپ که از یک شرکت افشاکننده اطلاعات شخصی که ۸۰٪ درآمدش را فقط از کره جنوبی به دست می‌آورد پول لابی‌گری گرفته‌اند، به‌طور فعال از این شرکت دفاع می‌کنند. آیا این را عدالت می‌دانید؟",,
3,scMkCLUsh0E,ar,اتوقع ترامب يريد يحسم معركة,فکر می‌کنم ترامپ می‌خواهد جنگ را یکسره کند,,
4,8SQILNvXE7Q,fa,بیناموسای هیچی ندار ۶ تا نره خرتون به درک رفتن ولی تو یه فقره جنایت آمریکا بیشتر از ۱۵۰ بچه دبستانی میناب رو کشتید تو مدرسه یعنی خون شما کثافتای لجن بالاتر از ایرانیاست ؟,,,
5,2Ya51_4qQ-Q,ar,دخول الكيان والناتو,ورود رژیم صهیونیستی و ناتو,,
6,RDg-w9l4hqI,fa,تلویزیون موساد!,,,
7,hmUUiGxcNdk,ar,"اللهم عليك بالحرس الثوري المجرمين بما فسقوا وفجروا وأفسدوا في البر والبحر .

دولة نهب خيراتها الشاه وأفسدها الخميني وأكمل فسادها خامنئي ، ويعبث فيها الحرس الثوري ، أتمنى عودتها مرة أخرى يحكمها عقلاء يحبون شعبهم .","خدایا سپاه پاسداران جنایتکار را نابود کن به‌خاطر فساد و تباهی‌ای که در خشکی و دریا به بار آورده‌اند.

کشوری که ثروتش را شاه غارت کرد و خمینی فاسدش کرد و خامنه‌ای فسادش را تکمیل کرد، و سپاه پاسداران در آن دست‌درازی می‌کند؛ آرزو دارم دوباره به دست خردمندانی که مردمشان را دوست دارند اداره شود.",,
8,hmUUiGxcNdk,ar,ربكم انتم امريكا,خدای شما آمریکاست,,
9,scMkCLUsh0E,ar,الملك العرب السعودية ابو سلمان,"پادشاه عربستان سعودی، ابوسلمان",,
10,scMkCLUsh0E,ar,وإيران لتساعد امريكا واسرائيل على تدمير المنطقة اللهم اضرب الظالمين بالظالمين واخرجنا منهم سالمين,و ایران هم به آمریکا و اسرائیل کمک می‌کند تا منطقه را نابود کنند؛ خدایا ظالمان را به دست ظالمان دیگر نابود کن و ما را به سلامت از شرشان بیرون ببر,,
11,bVMeQej4M6g,en,I live very close too one of our airforce bases and have just seen 25 f16 take off fully armed heading for Iran 🇮🇷 👌🙏👍👍,من خیلی نزدیک یکی از پایگاه‌های نیروی هوایی‌مان زندگی می‌کنم و همین الان دیدم ۲۵ فروند اف-۱۶ کاملاً مسلح به سمت ایران پرواز کردند 🇮🇷 👌🙏👍👍,,
12,scMkCLUsh0E,ar,ههههههه طائرة مدنية وليست طائرة شحن اسلحة كما ادعت بلاد التفريق وليس توحيد وهل ال سلول تصدقهم من باعو غزة والعرب وعملاء لأمريكا ولكيان,"هاهاها هواپیمای غیرنظامی بود نه هواپیمای حمل سلاح، همان‌طور که کشورهای تفرقه‌انداز (نه اتحاد) ادعا کردند؛ آیا آل سعود را باور می‌کنید، همان‌هایی که غزه و اعراب را فروختند و مزدور آمریکا و رژیم صهیونیستی‌اند؟",,
13,oEG8snYJdkQ,ar,اللهم دمر ايراان واذل نظام الجبت والطاغوت فيها وانصر امريكا التي يعيش فيها كل مواطني دول العالم على الاقل فيها خير على عكس ايراان ونظامها الشرير الذي يتفنن بالقتل وتصدير الارهاب والكبتاجون ليفتل بهما شعوب العالم.,"خدایا ایران را نابود کن و نظام طاغوتی‌اش را خوار کن، و آمریکا را یاری کن؛ کشوری که همه‌ی شهروندان جهان در آن زندگی می‌کنند و دست‌کم خیری در آن هست، برخلاف ایران و نظام شرورش که در کشتار و صدور تروریسم و کاپتاگون مهارت دارد تا با آن‌ها ملت‌های جهان را نابود کند.",,
14,Y_CVmAQkiXU,fa,دونوں جماعت حکومت میں ساتھ تھے لیکن کشمیریوں کو بے وقوف بنانے میں الگ الگ,,,
15,8SQILNvXE7Q,fa,همه رو به کشتن داده یه احترام الکی به چه درد میخوره,,,
16,scMkCLUsh0E,ar,معني كلامك أن امريكا تدمر إيران عادي صح,"یعنی حرفت این است که نابود کردن ایران توسط آمریکا عادی است، درسته؟",,
17,wVkE7nj4cpI,fa,"آمریکا از لحاظ بودجه و تجهیزات نظامی هیچ کم بودی نداره و همه جوره هم  به همه جا دسترسی داره پس حرف از این مورد زدن احمقی هست
🌹🦂👮‍♂️✋",,,
18,d8VqeBnup1Y,ar,من يقصف الاكراد يبعث الله من يقصفه 😂,"هر کس کردها را بمباران کند، خدا کسی را می‌فرستد که او را بمباران کند 😂",,
19,QfrT0Ya14oU,en,"Both are equally as bad, USA and Israel but also Iran who attacked multiple countries and funded terrorists. Everyone involved is awful. The ones paying are the innocent civilians caught up in this fuckn mess","هر دو به یک اندازه بدند، آمریکا و اسرائیل، ولی ایران هم که به چند کشور حمله کرده و تروریست‌ها را تأمین مالی کرده. همه‌ی طرف‌های درگیر افتضاحند. کسانی که تاوان می‌دهند، غیرنظامیان بی‌گناهی هستند که گرفتار این افتضاح شده‌اند",,
20,hmUUiGxcNdk,ar,هل تعلم ماذا حصل في العراق وسوريا و غزه ولبنان,می‌دانی در عراق و سوریه و غزه و لبنان چه اتفاقی افتاد؟,,
21,bVMeQej4M6g,en,"I love when trumps says they have no navy but the US keeps targeting Iran military boats/ships that don't exist😂😂😂

But more important ucraine is wining a maritime war against Russia without any kind of military boat/ship😂😂😂.

They already sunk and destroyed several Russian naval vessels... 😂😂😂.

No navy, of any kind was needed.

About the army... I can't imagine the clergyman shooting those missiles and drones 😂😂😂 nor the civilians.","خوشم می‌آید وقتی ترامپ می‌گوید ایران نیروی دریایی ندارد، ولی آمریکا همچنان قایق‌ها/کشتی‌های نظامی ایران را که وجود ندارند هدف می‌گیرد 😂😂😂

ولی مهم‌تر این‌که اوکراین دارد بدون هیچ قایق/کشتی نظامی، جنگ دریایی را در برابر روسیه می‌برد 😂😂😂.

آن‌ها همین حالا چند ناو روسی را غرق و نابود کرده‌اند... 😂😂😂.

هیچ نیروی دریایی‌ای، از هیچ نوعی، لازم نبود.

درباره‌ی ارتش... نمی‌توانم تصور کنم که روحانیون آن موشک‌ها و پهپادها را شلیک کنند 😂😂😂 نه غیرنظامیان.",,
22,HEyfNHBeSSY,en,"Bravo America more children killed, your hi tech missiles
keep targeting children.
Your smart bombs are as intelligent as your president.","آفرین آمریکا، بچه‌های بیشتری کشته شدند، موشک‌های های‌تک همچنان بچه‌ها را هدف می‌گیرند. بمب‌های هوشمندت هم به اندازه‌ی رئیس‌جمهورت باهوشند.",,
23,QfrT0Ya14oU,en,If you don't like Jews why do you want to promote the Bible all about Jews?,"اگر از یهودی‌ها خوشت نمی‌آید، چرا می‌خواهی کتاب مقدس را که همه‌اش درباره‌ی یهودی‌هاست ترویج کنی؟",,
24,HEyfNHBeSSY,en,"When military assets are hidden behind schools and hospitals one cannot just say I'm not going to hit a military target.  It's not American at fault, it's the people who hide military assets behind civilian stuff like schools and hospitals.","وقتی تجهیزات نظامی پشت مدرسه‌ها و بیمارستان‌ها پنهان می‌شود، نمی‌شود گفت که هدف نظامی را نمی‌زنم. تقصیر آمریکا نیست، تقصیر کسانی است که تجهیزات نظامی را پشت اماکن غیرنظامی مثل مدرسه و بیمارستان پنهان می‌کنند.",,
25,wVkE7nj4cpI,fa,تشکر از اقاي بهرامي عزيز ومخاطبين برنامه ❤❤❤❤❤,,,
26,wVkE7nj4cpI,fa,"قسم به خون شهدا ترامپ ترا میکشیم
قسم به خون شهدا یابو ترا میکشیم🤲🤲🤲🤲🤲🤲🤲🤲🤲🤲🤲🤲🤲🤲🤲🤲🤲🤲🤲",,,
27,wVkE7nj4cpI,fa,یادتونه میگفتید درصد جنگ پنج درصده ؟,,,
28,8SQILNvXE7Q,fa,ترامپ باید از حالا به بعد بیشتر اونجا بره و احترام بزاره که این جنازهها بیشتر هم میشه و تمام تخسیرات گردن این ترامپ هستشکه جنگ طلب هستش و جان جوانهای امریکایی رو در خطر میندازد....متاسفام برای مردم امریکا که این ادم رو انتخاب کردن....مشکلات امریکا با این ادم زیادتر هم خواهد شد هم از لحاظ کشتههای نظامی و اقتصادی که این داره اتفاق میفته و شده .,,,
29,sRJJ14wql5E,en,"The whole “Iran can never have a nuclear weapon” line has gotten soooooo old. And it holds no more credibility than Bush’s alleged “weapons of mass destruction” excuse in Iraq. Besides, didn’t we “obliterate” their nuclear weapons capability last year sometime? How the fluff did they go from obliteration to being two weeks away from having a nuclear weapon? Trump is a delusional, unstable, dangerous pathological liar.","این حرفِ «ایران هرگز نباید سلاح هسته‌ای داشته باشد» دیگر خیلی کهنه شده. و اعتبارش هم بیشتر از بهانه‌ی «سلاح‌های کشتار جمعی» بوش در عراق نیست. ضمناً، مگر پارسال نگفتیم توانایی هسته‌ای‌شان را «محو» کردیم؟ چطور از محو کامل به دو هفته‌مانده به داشتن سلاح هسته‌ای رسیدند؟ ترامپ یک دروغگوی پاتولوژیک، بی‌ثبات و خطرناک است که در توهم به سر می‌برد.",,
30,scMkCLUsh0E,ar,لنا اسبوعين من الخبر عادك ذكرت الآن 😂😂😂😂😂,دو هفته است این خبر را داریم و تازه الان یادت افتاد 😂😂😂😂😂,,
31,1RtntDxe6GQ,en,"President Trump, why don't you defend U.S. military bases in the Middle East with interceptor missiles? You seem to have little military knowledge because you are basically a businessman. I can't erase the strong impression that a valuable U.S. soldier died because of your complacency or lack of military knowledge. Trump, you are a sinner in that sense. How will you be forgiven of a big sin against a dead U.S. soldier? I've said before that only military measures can create something, but you can't give up that businesslike temperament, and it's only later that you mourn the deaths of such U.S. soldiers. Wake up.","آقای رئیس‌جمهور ترامپ، چرا از پایگاه‌های نظامی آمریکا در خاورمیانه با موشک‌های رهگیر دفاع نمی‌کنید؟ به نظر می‌رسد دانش نظامی کمی دارید چون اساساً یک تاجرید. نمی‌توانم این تصور قوی را از ذهنم پاک کنم که یک سرباز باارزش آمریکایی به‌خاطر بی‌تفاوتی یا کمبود دانش نظامی شما جان باخت. ترامپ، از این نظر گناهکاری. چطور می‌خواهی از گناه بزرگی که در برابر یک سرباز آمریکایی مرده مرتکب شده‌ای بخشیده شوی؟ قبلاً هم گفته‌ام که فقط اقدامات نظامی می‌تواند چیزی بسازد، اما تو نمی‌توانی آن خوی تجاری‌ات را کنار بگذاری، و فقط بعداً است که برای مرگ چنین سربازهای آمریکایی‌ای عزاداری می‌کنی. بیدار شو.",,
32,2Ya51_4qQ-Q,ar,و ما تعلمون ما فعلوا الإيرانييون بالأهوازيين ؟,و شما نمی‌دانید ایرانی‌ها با اهوازی‌ها (عرب‌های خوزستان) چه کردند؟,,
33,2Ya51_4qQ-Q,ar,محللين مابحب الايران,تحلیل‌گرها... من از ایران خوشم نمی‌آید,,
34,hmUUiGxcNdk,ar,لا ينفع بمأنكم لا سيادة لكم,"فایده‌ای ندارد، چون شما حاکمیت/استقلالی ندارید",,
35,UPieqiKZcLY,fa,بادرود وسپاس ازشما عزیز مهربانم سپاسگزارم ❤❤❤❤❤,,,
36,d8VqeBnup1Y,ar,الله ينصر الجمهورية الإسلامية الإيرانية والمقاومة الإسلامية في لبنان والعراق واليمن بحق محمد وال محمد,"خداوند به حق محمد و آل محمد، جمهوری اسلامی ایران و مقاومت اسلامی در لبنان و عراق و یمن را یاری کند",,
37,UPieqiKZcLY,fa,خدایا مرا بسوزان و خاکستر کن. یار و یاور عاشقان تو و بیگناهان باش. فقط تو میدونی چه ها بر من آوردند. سوختم چون اعتماد ها کردم. و حالا تو بگو ای مالک همه هستیو عشق. چه کنم با نا مردان. خدایا ای خدا❤,,,
38,hmUUiGxcNdk,en,😂😂😂,"😂😂😂ا (فقط اموجی، بدون متن)",,
39,wVkE7nj4cpI,fa,"اخرش، سمت وشغل جناب دکتر ظریف را نفهمیدم، مرتب بیانیه میده دعوت نرمش میکنه! البته خودی ها رو نه امریکا ونوکرهاش",,,
40,YkQ1HIfYXJY,en,"The Economy is fine. Every year cost of living rises. Politicians use this to score political points.  Look at the percentages theres nothing out of line. Trump inherited a Economy that got overinflated because of covid, prices really never came down. This war maybes got gas prices up .75 cents to one dollar. Small price to pay for future security.","اقتصاد خوب است. هر سال هزینه‌ی زندگی بالا می‌رود. سیاست‌مداران از این موضوع برای امتیاز سیاسی استفاده می‌کنند. به درصدها نگاه کنید، چیز غیرعادی‌ای نیست. ترامپ اقتصادی را به ارث برد که به‌خاطر کووید بیش‌ازحد تورمی شده بود، قیمت‌ها هیچ‌وقت واقعاً پایین نیامدند. این جنگ شاید قیمت بنزین را ۷۵ سنت تا یک دلار بالا برده. قیمت کمی برای امنیت آینده.",,
41,y6w18a9gpVs,fa,من میگم موزاکیرات آغاز وشد 😂,,,
42,wVkE7nj4cpI,fa,خدایا این الیگارشها که در  رده بالا نفوذدارن رو نابودکنه و نیروی مسلح مابتونن راحت آمریکاییهاروسرکوب کنن,,,
43,2Ya51_4qQ-Q,ar,أشباه الدول العربية هي من تمول الحرب ضذ ايران,شبه‌کشورهای عربی هستند که جنگ علیه ایران را تأمین مالی می‌کنند,,
44,Sj61gFQ8NOs,fa,جاوید شاه... پاینده ایران...,,,
45,d8VqeBnup1Y,ar,جميل جدا,خیلی زیباست,,
46,HEyfNHBeSSY,en,warcrimes?,جنایات جنگی؟,,
47,wVkE7nj4cpI,fa,استاد چشم افرادی که کور هستن و جنایت ترامپ های داخلی را نمیبینن و یا نمیخواهند کاری بکنن را روشن کنید مخصوصا قاضی فشل ترسو اژه ای که این انگلهای جاسوس را دربند کنن و محاکمه کنن بابت جنایت و جاسوسی کردنشان  اگر ۶ودشان هم همکار انگلهای ترامپ نباشند آن وقت کشور پیروز می‌شود,,,
48,HEyfNHBeSSY,en,"30,000 Iranians killed by the IRGC regime and NYTs ignores it.",۳۰٬۰۰۰ ایرانی توسط رژیم سپاه پاسداران کشته شدند و نیویورک‌تایمز آن را نادیده می‌گیرد.,,
49,RDg-w9l4hqI,fa,بی بی سی مستقیما از نظام جمهوری اسلامی دستور میگیره.شما توجه کن ببین چطوری خبرا رو برای بیننده و شنونده پخش میکنه😂😂😂,,,
50,4SQBdcms-9c,en,"Sorry, Tupac didn’t invent this quote about “always money for wars, but not enough to feed the poor”. The real quote “There is always money for war. You never hear political leaders say they can't go to war because the country can't afford it. They claim not to have money for the poor, homeless and hungry, but war? It's never a problem.”
Quote David Icke","ببخشید، توپاک این نقل‌قول درباره‌ی «همیشه برای جنگ پول هست ولی برای سیر کردن فقرا نه» را ابداع نکرده. نقل‌قول اصلی این است: «همیشه برای جنگ پول هست. هیچ‌وقت نمی‌شنوید رهبران سیاسی بگویند نمی‌توانیم به جنگ برویم چون کشور از پسش برنمی‌آید. آن‌ها ادعا می‌کنند برای فقرا و بی‌خانمان‌ها و گرسنه‌ها پول ندارند، ولی جنگ؟ هیچ‌وقت مشکلی نیست.»
نقل‌قول از دیوید آیک",,
51,d8VqeBnup1Y,ar,@abu-alialiraqiالكردي عرق نجس. ولازم يجتث من جذوره,کاربر کرد را نژاد نجس خوانده و می‌گوید باید از ریشه کنده شود (محتوای نفرت‌پراکنانه),,
52,bVMeQej4M6g,en,the UK only doesn't join the war because it has become so weak it can't. It's not like the British government has any form of morals that might prevent it joining the US in attacking civilians in a country,بریتانیا فقط به این خاطر وارد جنگ نمی‌شود که آن‌قدر ضعیف شده که نمی‌تواند. این‌طور نیست که دولت بریتانیا اخلاقیاتی داشته باشد که مانع پیوستنش به آمریکا در حمله به غیرنظامیان یک کشور شود.,,
53,Sj61gFQ8NOs,fa,سپاس فراوان,,,
54,RDg-w9l4hqI,fa,"هر چه زودتر جمهوری اسلامی تسلیم خواست مردم ایران بشه، صدمه کمتر میشه",,,
55,RdTEmHfkxxU,en,Are we able to get access to their oil on kharg island?,آیا می‌توانیم به نفت آن‌ها در جزیره‌ی خارگ دسترسی پیدا کنیم؟,,
56,HEyfNHBeSSY,en,Show and Tell ~ The best version of news.,نمایش و روایت ~ بهترین نسخه‌ی اخبار.,,
57,sRJJ14wql5E,en,He's playing to an audience of one.,او فقط برای یک نفر تماشاگر بازی می‌کند (اصطلاح: فقط یک نفر را هدف قرار داده),,
58,y6w18a9gpVs,fa,آمریکا ضعیفتر و ترسو تر از آن است که متاسفانه در خاورمیانه تبلیغ می شد . اکنون در جنگ با ایران دچار استیصال و شکست شده و برای مذاکره التماس میکند,,,
59,hmUUiGxcNdk,ar,ان شاء الله الدور جاي على الجزائر حتى نتهناو من شرهم,ان‌شاءالله نوبت الجزایر هم می‌رسد تا از شرشان راحت شویم,,
60,wVkE7nj4cpI,fa,درود 🎉❤,,,
61,f-0Epy0vKng,fa,"به نام خدای رحمان رهبر ایران پنهان است ، آمریکا از جنگ بیرون میشود تا رهبر خود را نشان دهد",,,
62,8SQILNvXE7Q,fa,باعث تاسف که اینقدر بی ناموس اینجا زیاده که برای گل دسته های میناب لال بودن ولی برای چهارتا یانکی عزاداری میکنن,,,
63,5PBDovyMI6A,en,"Lets tell the truth here..... The reason citizens are not happy with the war is that President Trump tried to negotiate an ending instead of fighting till the Iranians surrendered. You cannot allow ANY country that chants for the destruction of another country, much less the US to be allowed to possess a nuclear weapon, offensive missiles or close down international waterways.","بیایید حقیقت را اینجا بگوییم..... دلیل ناراضی بودن شهروندان از جنگ این است که رئیس‌جمهور ترامپ سعی کرد به‌جای جنگیدن تا تسلیم‌شدن ایرانی‌ها، مذاکره برای پایان جنگ کند. نمی‌توانید اجازه دهید هیچ کشوری که شعار نابودی کشور دیگری را می‌دهد، چه برسد به آمریکا، سلاح هسته‌ای، موشک‌های تهاجمی داشته باشد یا آبراه‌های بین‌المللی را ببندد.",,
64,DgwBi_FIN84,fa,"دروود بر مهین پرستان عزیز و دوست داران شاه عزیز❤❤❤
یاد جاویدنامان گرامی❤❤❤
صدای زندانیان عزیز باشیم ،این رژیم کثیف هرروز بااعدام هموطنای عزیزمون داغدارمون میکنه،،لعنت ب کسانی ک بامشروعیت دادن ب این رژیم حرومی باعث فقیع تر شدن این رژیم شدن و دستشون را ب خون جوونامون آغشته کردن،،انتقام سختی ازشون گرفته میشه،و ب اسم قران و اسلام جوون این عزیزان را براحتی دارن میگیرن،،🤬🤬🤬",,,
65,y6w18a9gpVs,fa,این طر ف می خواد روحیه رو خراب کارشناس  😊,,,
66,D-nFjiXgbUo,en,OP3R4T1ON EEPP$$T3311NNN FUUURRRRRYYYYYYYYYY!!!!!❤❤❤❤❤❤❤🎉🎉🎉🎉🎉🎉🎉🎉🎉😂😂😂😂😂😂😂😂😂😂😂😂😂😂😂😂😂😂😂😂😂😂😂,"«عملیات اپستین فیوری» نوشته‌شده به‌صورت کج‌نویسی/میم‌گونه (بی‌معنی، شوخی اینترنتی)",,
67,scMkCLUsh0E,ar,ضرب امريكا على ايران ضرب ودي وضرب ايران الخليج ضرب جدي وهذا ما يريده الصهاينه,"حمله‌ی آمریکا به ایران، حمله‌ای دوستانه است و حمله‌ی ایران به خلیج (فارس)، حمله‌ای جدی است؛ و این همان چیزی است که صهیونیست‌ها می‌خواهند",,
68,hmUUiGxcNdk,ar,لاتخاف أمريكا جايتك بعد إيران وراح تسلم لهم عرضك مثل ماسلمته للشيشاني و الأفغاني متعلمين هيه كوه عدكم سوابق,"نترس، آمریکا بعد از ایران سراغ تو می‌آید و آبرویت را مثل چچنی و افغانی به آن‌ها تسلیم می‌کنی، آموزش‌دیده‌اند و شما سابقه دارید",,
69,YkQ1HIfYXJY,en,"Old lady, stop it. You have no idea about anything!!!!!","پیرزن، بس کن. تو هیچ ایده‌ای درباره‌ی هیچی نداری!!!!!",,
70,5PBDovyMI6A,en,"As a European, the stupidity of US voters is simply beyond my comprehension. They are slowly grasping Trump’s incompetence in every regard. Yet they still want to vote for the GOP—a party he has molded almost entirely in his own image and staffed with his own cronies? Democracy is lost; it’s too complicated for these ""smart"" voters. Oh boy...","به‌عنوان یک اروپایی، حماقت رأی‌دهندگان آمریکایی برایم غیرقابل‌درک است. آن‌ها به‌آرامی دارند بی‌کفایتی ترامپ را در همه‌چیز درک می‌کنند. با این‌حال باز هم می‌خواهند به جمهوری‌خواهان رأی بدهند—حزبی که او تقریباً کاملاً به شکل خودش درآورده و پر از دار و دسته‌ی خودش کرده؟ دموکراسی از دست رفته؛ برای این رأی‌دهندگان «باهوش» خیلی پیچیده است. وای...",,
71,Uq_b6wGcTqs,fa,@ebrahim7198اخوب گفتی❤,,,
72,4SQBdcms-9c,en,"Had that piece of excrement administration of yours sold (not given, but SOLD) these to Ukraine, Russia would be finished by now. But no, trump has to please his daddy Putler","اگر آن دولت کثافتِ شما این‌ها را به اوکراین می‌فروخت (نه می‌داد، بلکه می‌فروخت)، الان روسیه تمام شده بود. ولی نه، ترامپ باید بابایش پوتین را راضی نگه دارد.",,
73,2Ya51_4qQ-Q,ar,"اسقاط الكذبة الكبرى ""...يؤيدون البعث السوري
ويكرهون البعث العراقي ... العراقبي الذي قتل في حرب القادسية لا يعتبر شهيد
عند العراقيبين  لرضى ايران
يؤيدون شيعة المنطقة ويعتبرونهم خط اولي للدفاع عن مشروعهم
الشيعة العرب يخدمون الشيعة العجم وهكذاااااااااااااااااااااااااااااااااااااا
عندهمك انهم انتصروا في غوة وفي لبنان والحوثي وايران 
ازمة مفاهيم وغباء عند الاتباع والاذيال","افشای دروغ بزرگ «...از حزب بعث سوریه حمایت می‌کنند و از حزب بعث عراق متنفرند... عراقی‌ای که در جنگ قادسیه کشته شد، نزد عراقی‌ها به رضایت ایران شهید محسوب نمی‌شود.
آن‌ها از شیعیان منطقه حمایت می‌کنند و آن‌ها را خط اول دفاع از پروژه‌شان می‌دانند.
شیعیان عرب به شیعیان عجم (ایرانی) خدمت می‌کنند و همین‌طور ادامه دارد...
نزد آن‌ها، در غزه و لبنان و حوثی و ایران پیروز شده‌اند
بحران مفاهیم و حماقت نزد پیروان و دنباله‌روها»",,
74,bVMeQej4M6g,en,attack the air bases with what? A threat you can’t carry out isn’t much of a threat,"با چی به پایگاه‌های هوایی حمله کنی؟ تهدیدی که نتوانی عملی‌اش کنی، تهدید چندانی نیست",,
75,oEG8snYJdkQ,ar,ايران هانت الخليج,ایران خلیج (فارس) را خوار کرد,,
76,QfrT0Ya14oU,en,Israel forces trump to attack Iran how many videos and photos israel got on Trump from Jeffrey Eipstein ?,اسرائیل ترامپ را مجبور به حمله به ایران می‌کند؛ اسرائیل چند ویدیو و عکس از ترامپ از پرونده‌ی جفری اپستین دارد؟,,
77,Y_CVmAQkiXU,fa,یہ خود کرتے دہشت گردی پاکستان فوج,,,
78,UOIJJgoCVig,en,@noirekuroraigami2270. And your Pathetic Ignorance Continues. How Pathetically Ignorant. Thank you for your Pathetically Ignorant reply.,@noirekuroraigami2270. و جهالت رقت‌انگیزت همچنان ادامه دارد. چه‌قدر رقت‌انگیز جاهلی. ممنون بابت پاسخ رقت‌انگیز و جاهلانه‌ات.,,
79,scMkCLUsh0E,ar,لان الهدنه هي عباره عن فرصه لاستجلاب السلاح والعتاد واعاده صيانه للرادارات وتركيب رادارات جديده ثم يعودو للحرب.... اي مهله لامريكا لتقوم بالتحضير والتجهيز لجوله اخرى بسبب نفاذ الصواريخ وخروج التجهيزات والرادارات الامريكيه عن الخدمه.. هي هدنه لتعيد امريكاء تجهيز قواتها فثط,"چون آتش‌بس فقط فرصتی است برای وارد کردن سلاح و مهمات و تعمیر رادارها و نصب رادارهای جدید و بعد بازگشت به جنگ.... این فقط مهلتی به آمریکا می‌دهد تا برای دور بعدی آماده و تجهیز شود، چون موشک‌هایش تمام شده و تجهیزات و رادارهای آمریکایی از کار افتاده‌اند.. این آتش‌بس فقط برای این است که آمریکا نیروهایش را دوباره تجهیز کند، همین.",,
80,1RtntDxe6GQ,en,"I WANT THE JEWS AND THEIR PORNOGRAPHY OUT OF MY LIFE AND OUT OF THE UNITED STATES
-->> pervert(v.)
late 14c., perverten (transitive), ""to turn someone aside from a right religious belief to a false or erroneous one; to distort natural order, misdirect misapply (justice, law, truth, etc.); to turn (something or someone) from right opinion or conduct,"" from Old French pervertir ""pervert, undo, destroy"" (12c.) and directly from Latin pervertere ""overthrow, overturn,"" figuratively ""to corrupt, subvert, abuse,"" literally ""turn the wrong way, turn about,"" from per ""away"" (see per) + vertere ""to turn, turn back, be turned; convert, transform, translate; be changed"" (from PIE root *wer- (2) ""to turn, bend"").

-->> pander(n.)
""arranger of sexual liaisons, one who caters for the lusts of others,"" 1520s, ""procurer, pimp,"" from Middle English Pandare (late 14c.), used by Chaucer (""Troylus and Cryseyde""), who borrowed it from Boccaccio (who had it in Italian form Pandaro in ""Filostrato"") as name of the prince (Greek Pandaros), who procured the love of Cressida (his niece in Chaucer, his cousin in Boccaccio) for Troilus. The story and the name are medieval inventions. The name turns up in ancient Greek, but without the story; in Homer he is a Lycian participant in the Trojan War.

-->> animal(n.)
early 14c., ""any sentient living creature"" (including humans), from Latin animale ""living being, being which breathes,"" noun use of neuter of animalis (adj.) ""animate, living; of the air,"" from anima ""breath, soul; a current of air"" (from PIE root *ane- ""to breathe;"" for sense development, compare deer).

A rare word in English before c. 1600, and not in KJV (1611). Commonly only of non-human creatures. It drove out the older beast in common usage. Used derisively of brutish humans (in which the ""animal,"" or non-rational, non-spiritual nature is ascendant) from 1580s

->> Alvin Goldstein (January 10, 1936 – December 19, 2013) was an American pornographer. He is known for helping normalize hardcore pornography in the United States ..

-->> lecher(n.)
""lustful man, man given to excessive sexual indulgence,"" late 12c., from Old French lecheor (Modern French lécheur) ""one living a life of debauchery,"" especially ""one given to sexual indulgence,"" literally ""licker,"" agent noun from lechier ""to lick;"" also ""to live in debauchery or gluttony,"" from Frankish *likkon or some other Germanic source, from Proto-Germanic *likkojan ""to lick"" (from PIE root *leigh- ""to lick""). The Old French feminine form was lechiere. Middle English, meanwhile, had lickestre ""female who licks;"" figuratively ""a pleasure seeker,"" literally ""lickster,"" with -ster. In 18c. sometimes leacher (Bailey), along with leacherous, leachery.

-->> In his 2004 book XXX-Communicated: A Rebel Without a Shul, Luke Ford wrote about a conversation with Goldstein, in which Ford asked Goldstein why Jews were dramatically overrepresented in the porn industry. He answered, ""The only reason that Jews are in pornography is that we think that Christ sucks. Catholicism sucks. We don't believe in authoritarianism. Pornography thus becomes a way of defiling Christian culture and, as it penetrates to the very heart of the American mainstream (and is no doubt consumed by those very same WASPs), its subversive character becomes more charged."" Ford then asked, ""What does it mean to you to be a Jew?"" To which Goldstein responded, ""It doesn't mean anything. It means that I'm called a kike."" Ford also asked, ""Do you believe in God?"" Goldstein said, ""I believe in me. I'm God. Screw God. God is your need to believe in some super being. I am the super being. I am your God, admit it. We're random. We're the flea on the butt of the dog

->> The following countries have the highest estimated World War II casualties: the Soviet Union (20 to 27 million), China (15 to 20 million), Germany (6 to 7.4 million), Poland (5.9 to 6 million), Dutch East Indies/Indonesia (3 to 4 million), Japan (2.5 to 3.1 million), India (2.2 to 3 million), Yugoslavia (1 to 1.7 million), French Indochina (Laos, Cambodia, part of Vietnam) (1 to 2.2 million), and France (600,000)....

-->> traitor(n.)
c. 1200, traitour, ""one who betrays any trust or duty; a tempter;"" in a general sense ""treacherous or untrustworthy person,"" also specifically ""one guilty of high treason,"" from Old French traitor, traitre ""traitor, villain, deceiver"" (11c., Modern French traître), from Latin traditor ""betrayer,"" literally ""one who delivers"" (source also of Spanish traidor, Italian traditore; the Latin noun also meant ""a teacher""), agent noun from stem of tradere ""deliver, hand over."" This is a compound from trans- ""over"" (see trans-) + dare ""to give"" (from PIE root *do- ""to give"").

-->> freedom (n.)
Old English freodom ""power of self-determination, state of free will; emancipation from slavery, deliverance;"" see free (adj.) + -dom. Meaning ""exemption from arbitrary or despotic control, civil liberty"" is from late 14c. Meaning ""possession of particular privileges"" is from 1570s. Similar formation in Old Frisian fridom, Dutch vrijdom, Middle Low German vridom.

-->> determine(v.)
late 14c., determinen, ""to settle, decide upon; state definitely; fix the bounds of; limit in time or extent,"" also ""come to a firm decision or definite intention"" (to do something), from Old French determiner (12c.) and directly from Latin determinare ""to enclose, bound, set limits to,"" from de ""off"" (see de-) + terminare ""to mark the end or boundary,"" from terminus ""end, limit"" (see terminus).

-->> The United States' happiness index has dropped to its lowest point in the 2025 World Happiness Report, ranking 24th globally. This decline is linked to several factors, including a sharp increase in loneliness, particularly among young adults, and the rise in ""deaths of despair"" (from suicide, alcohol, or drug overdose). The country's ranking has fallen significantly since its peak in 2012, when it was 11th.

-->> The United States is home to the largest number of prisoners worldwide. Roughly 1.8 million people were incarcerated in the U.S. at the end of 2023. In China, the estimated prison population totaled to 1.69 million people that year. Other nations had far fewer prisoners. Jan 8, 2024

-->> Mental illnesses are common in the United States, affecting more than one in five adults... In 2021, 57.8 million adults in the United States lived with a mental illness. The most common mental illnesses include: Depression, Anxiety, Bipolar disorder, Schizophrenia, Dementia...

-->> 65% of the people in the United States... have one form or another of a chronic degenerative disease... 45% have two or more of those debilitating diseases.... we have children under the age of 2 developing diabetes.... kids under the age of 12 with fatty liver disease....

-->> Suicide is the tenth leading cause of death in the United States.. On average, there are 129 suicides per day. Suicide is the third leading cause of death for Americans aged 15 to 24...

-->> Suicide is a leading cause of death for young people, but not the third for the specified age range:
For ages 10-14 and 25-34: Suicide is the second leading cause of death.
For ages 15-24: Suicide is the third leading cause of death.
It is important to note that suicide is the second leading cause of death for people ages 10-34.
In 2022, suicide was the 11th leading cause of death overall in the United States.

-->> the Centers for Disease Control and Prevention (CDC) estimates that about 20% of the U.S. population, or roughly one in five people, had a sexually transmitted infection (STI) on any given day in 2018. This translates to an estimated 68 million prevalent STIs. In addition, nearly 26 million new STI infections were acquired in 2018...

-->> In 2022, approximately 79% of U.S. adults were literate, while 21% were illiterate, with 54% of adults having literacy skills below a sixth-grade level. This low literacy has significant economic consequences, costing the U.S. economy an estimated $2.2 trillion annually in lost productivity and earnings.

- Literacy rates: Approximately 79% of U.S. adults are considered literate, while 21% are illiterate.
Skill level: 54% of adults aged 16-74 read at a level below the equivalent of a sixth-grade education.

- Economic impact: Low adult literacy costs the U.S. economy up to $2.2 trillion annually due to lost productivity and earnings.
Health impact: Low literacy also contributes to health care costs, with an estimated $106 billion to $238 billion in yearly health costs linked to these skills.

- Taxpayer cost: Illiteracy costs American taxpayers about $20 billion each year.

-->> In 2022, the U.S. had a higher rate of fatal traffic crashes compared to many other countries, particularly when considering the fatality rate per 100 million vehicle miles traveled. While the U.S. experienced a decrease in traffic fatalities from 2021 to 2022, the overall fatality rate remained high relative to many other nations.

-->> The United States has one of the largest homeless populations in the world,.. with over half a million people experiencing homelessness each night... However, the true number of homeless people in the United States could be 2.5 to 10.2 times greater...
Top 10 U.S. Literacy Rate Statistics... 21% of adults in the US are illiterate in 2022... 54% of adults have a literacy below sixth-grade level

-->> The U.S. has the lowest life expectancy at birth, the highest death rates for avoidable or treatable conditions, the highest maternal and infant mortality, and among the highest suicide rates... The U.S. has the highest rate of people with multiple chronic conditions and an obesity rate nearly twice the OECD average. Jan 31, 2023","می‌خواهم یهودی‌ها و پورنوگرافی‌شان از زندگی من و از ایالات متحده بیرون بروند. [ادامه‌ی متن یک کپی طولانی از تعاریف فرهنگ لغت انگلیسی (pervert، pander، animal، traitor، freedom، determine) و آمار درباره‌ی آمریکا (تلفات جنگ جهانی دوم، جمعیت زندانیان، بیماری روانی، خودکشی، بیماری‌های مقاربتی، سواد، تصادفات رانندگی، بی‌خانمانی، امید به زندگی) است که ربطی مستقیم به موضوع ایران/آمریکا ندارد — لحن کلی متن، خصمانه و ضدیهود است.]",,
81,Uq_b6wGcTqs,fa,"عاقبت اونایی که با ایران لج میکنن و ادعا میکنن
قدرت ایران و جمهوری اسلامی ایران❤❤❤❤❤❤❤❤❤❤❤❤❤❤",,,
82,5PBDovyMI6A,en,A wannabe Dictator and a wannabe General!😢,یک دیکتاتور خیالی و یک ژنرال خیالی!😢,,
83,2Ya51_4qQ-Q,ar,الصحفية ليست في المستوى,این خبرنگار زن در سطح نیست,,
84,hmUUiGxcNdk,ar,المجوس الفرس ابادو مليون سوري مع أطفالهم بالاسلحة الكيماوية والبراميل ويقصفون المسلمين بالصواريخ بحجة تحرير القدس فسلط الله عليهم هادا الجبروت وماكنا عن الخلق غافلين صدق الله,"مجوس فارس (ایرانی‌ها) یک میلیون سوری را همراه با فرزندانشان با سلاح‌های شیمیایی و بشکه‌ها نابود کردند و مسلمانان را با موشک به بهانه‌ی آزادسازی قدس بمباران می‌کنند؛ خداوند این جباریت را بر آن‌ها مسلط کند، و ما از این آفریدگان غافل نبودیم، خدا راست گفت.",,
85,HEyfNHBeSSY,en,"- USA:  ""We would never conduct illegal and/or immoral strikes on another sovereign nation.....    obviously these people bombed THEMSELVES!""       🤦🤦🤦","- آمریکا: «ما هرگز حملات غیرقانونی و/یا غیراخلاقی به یک کشور مستقل دیگر انجام نمی‌دهیم..... مشخصاً این مردم خودشان، خودشان را بمباران کردند!» 🤦🤦🤦",,
86,1RtntDxe6GQ,en,"Shame shame ., trump is criminal","شرم، شرم، ترامپ یک جنایتکار است",,
87,hmUUiGxcNdk,ar,السيناريو الايراني القادم سيكون مرعب ومخيف بعد سقوط نظام الملالي في طهران وستقسم الى أحواز وبلوش وأذر,سناریوی بعدی ایران بعد از سقوط نظام ملاها در تهران بسیار وحشتناک و ترسناک خواهد بود و به احواز و بلوچ و آذری تقسیم خواهد شد,,
88,d8VqeBnup1Y,ar,رحمكم الله الدعاء الاخي الله يفرج عنه قريباً ويخرج النه سالم من السجن دعوة الغريبه مستجابه,"خدا رحمتتان کند، برادر عزیز، خدا زودتر گشایشی برایش فراهم کند و سالم از زندان بیرون بیاید؛ دعای غریب مستجاب است",,
89,0FC4o3hG3fY,fa,"توهم داری آدم عقب مونده
20 روز گذشته افتخارتون زدن یه اف 35 هستش",,,
90,wVkE7nj4cpI,fa,"پهلوان پنبه آمریکا می‌گوید ...
من آنم که رستم بود پهلوان 😂",,,
