sample_id,content_id,language,text,post_title,translation_fa,target,annotator_id,sentiment_label,stance_label,emotion_label,content_type_label,confidence,notes
82,derived:5PBDovyMI6A:0b8b9cbd0549,en,A wannabe Dictator and a wannabe General!😢,,یک دیکتاتور خیالی و یک ژنرال خیالی!😢,,,,,,,,
15,derived:8SQILNvXE7Q:445dadbe310d,fa,همه رو به کشتن داده یه احترام الکی به چه درد میخوره,,,,,,,,,,
4,derived:8SQILNvXE7Q:4e4fe6400b6e,fa,بیناموسای هیچی ندار ۶ تا نره خرتون به درک رفتن ولی تو یه فقره جنایت آمریکا بیشتر از ۱۵۰ بچه دبستانی میناب رو کشتید تو مدرسه یعنی خون شما کثافتای لجن بالاتر از ایرانیاست ؟,,,,,,,,,,
36,derived:d8VqeBnup1Y:6b344c8bb680,ar,الله ينصر الجمهورية الإسلامية الإيرانية والمقاومة الإسلامية في لبنان والعراق واليمن بحق محمد وال محمد,,خداوند به حق محمد و آل محمد، جمهوری اسلامی ایران و مقاومت اسلامی در لبنان و عراق و یمن را یاری کند,,,,,,,,
32,derived:2Ya51_4qQ-Q:21d44a925aa8,ar,و ما تعلمون ما فعلوا الإيرانييون بالأهوازيين ؟,,و شما نمی‌دانید ایرانی‌ها با اهوازی‌ها (عرب‌های خوزستان) چه کردند؟,,,,,,,,
29,derived:sRJJ14wql5E:bcd9f60018f0,en,"The whole “Iran can never have a nuclear weapon” line has gotten soooooo old. And it holds no more credibility than Bush’s alleged “weapons of mass destruction” excuse in Iraq. Besides, didn’t we “obliterate” their nuclear weapons capability last year sometime? How the fluff did they go from obliteration to being two weeks away from having a nuclear weapon? Trump is a delusional, unstable, dangerous pathological liar.",,این حرفِ «ایران هرگز نباید سلاح هسته‌ای داشته باشد» دیگر خیلی کهنه شده. و اعتبارش هم بیشتر از بهانه‌ی «سلاح‌های کشتار جمعی» بوش در عراق نیست. ضمناً، مگر پارسال نگفتیم توانایی هسته‌ای‌شان را «محو» کردیم؟ چطور از محو کامل به دو هفته‌مانده به داشتن سلاح هسته‌ای رسیدند؟ ترامپ یک دروغگوی پاتولوژیک، بی‌ثبات و خطرناک است که در توهم به سر می‌برد.,,,,,,,,
18,derived:d8VqeBnup1Y:6816270b8ad6,ar,من يقصف الاكراد يبعث الله من يقصفه 😂,,هر کس کردها را بمباران کند، خدا کسی را می‌فرستد که او را بمباران کند 😂,,,,,,,,
14,derived:Y_CVmAQkiXU:4f9bab19a9b0,fa,دونوں جماعت حکومت میں ساتھ تھے لیکن کشمیریوں کو بے وقوف بنانے میں الگ الگ,,,,,,,,,,
87,derived:hmUUiGxcNdk:2c883c2fb65a,ar,السيناريو الايراني القادم سيكون مرعب ومخيف بعد سقوط نظام الملالي في طهران وستقسم الى أحواز وبلوش وأذر,,سناریوی بعدی ایران بعد از سقوط نظام ملاها در تهران بسیار وحشتناک و ترسناک خواهد بود و به احواز و بلوچ و آذری تقسیم خواهد شد,,,,,,,,
70,derived:5PBDovyMI6A:ca84186c7fd7,en,"As a European, the stupidity of US voters is simply beyond my comprehension. They are slowly grasping Trump’s incompetence in every regard. Yet they still want to vote for the GOP—a party he has molded almost entirely in his own image and staffed with his own cronies? Democracy is lost; it’s too complicated for these ""smart"" voters. Oh boy...",,به‌عنوان یک اروپایی، حماقت رأی‌دهندگان آمریکایی برایم غیرقابل‌درک است. آن‌ها به‌آرامی دارند بی‌کفایتی ترامپ را در همه‌چیز درک می‌کنند. با این‌حال باز هم می‌خواهند به جمهوری‌خواهان رأی بدهند—حزبی که او تقریباً کاملاً به شکل خودش درآورده و پر از دار و دسته‌ی خودش کرده؟ دموکراسی از دست رفته؛ برای این رأی‌دهندگان «باهوش» خیلی پیچیده است. وای...,,,,,,,,
12,derived:scMkCLUsh0E:4987c0e71bc9,ar,ههههههه طائرة مدنية وليست طائرة شحن اسلحة كما ادعت بلاد التفريق وليس توحيد وهل ال سلول تصدقهم من باعو غزة والعرب وعملاء لأمريكا ولكيان,,هاهاها هواپیمای غیرنظامی بود نه هواپیمای حمل سلاح، همان‌طور که کشورهای تفرقه‌انداز (نه اتحاد) ادعا کردند؛ آیا آل سعود را باور می‌کنید، همان‌هایی که غزه و اعراب را فروختند و مزدور آمریکا و رژیم صهیونیستی‌اند؟,,,,,,,,
76,derived:QfrT0Ya14oU:f3dcb230722a,en,Israel forces trump to attack Iran how many videos and photos israel got on Trump from Jeffrey Eipstein ?,,اسرائیل ترامپ را مجبور به حمله به ایران می‌کند؛ اسرائیل چند ویدیو و عکس از ترامپ از پرونده‌ی جفری اپستین دارد؟,,,,,,,,
55,derived:RdTEmHfkxxU:6c6f20cf4331,en,Are we able to get access to their oil on kharg island?,,آیا می‌توانیم به نفت آن‌ها در جزیره‌ی خارگ دسترسی پیدا کنیم؟,,,,,,,,
5,derived:2Ya51_4qQ-Q:2edb3c045b42,ar,دخول الكيان والناتو,,ورود رژیم صهیونیستی و ناتو,,,,,,,,
28,derived:8SQILNvXE7Q:bd0624736445,fa,ترامپ باید از حالا به بعد بیشتر اونجا بره و احترام بزاره که این جنازهها بیشتر هم میشه و تمام تخسیرات گردن این ترامپ هستشکه جنگ طلب هستش و جان جوانهای امریکایی رو در خطر میندازد....متاسفام برای مردم امریکا که این ادم رو انتخاب کردن....مشکلات امریکا با این ادم زیادتر هم خواهد شد هم از لحاظ کشتههای نظامی و اقتصادی که این داره اتفاق میفته و شده .,,,,,,,,,,
30,derived:scMkCLUsh0E:98b852992413,ar,لنا اسبوعين من الخبر عادك ذكرت الآن 😂😂😂😂😂,,دو هفته است این خبر را داریم و تازه الان یادت افتاد 😂😂😂😂😂,,,,,,,,
65,derived:y6w18a9gpVs:a9073ec1c69f,fa,این طر ف می خواد روحیه رو خراب کارشناس  😊,,,,,,,,,,
78,derived:UOIJJgoCVig:262adb2b52c3,en,@noirekuroraigami2270. And your Pathetic Ignorance Continues. How Pathetically Ignorant. Thank you for your Pathetically Ignorant reply.,,@noirekuroraigami2270. و جهالت رقت‌انگیزت همچنان ادامه دارد. چه‌قدر رقت‌انگیز جاهلی. ممنون بابت پاسخ رقت‌انگیز و جاهلانه‌ات.,,,,,,,,
