observation_date,project_week,asset_id,analysis_tier,analysis_use,feature_column,daily_log_change
2026-02-28,W01,GOLD_USD,primary,main,log_return__GOLD_USD,
2026-03-01,W01,GOLD_USD,primary,main,log_return__GOLD_USD,
2026-03-02,W01,GOLD_USD,primary,main,log_return__GOLD_USD,
2026-03-03,W01,GOLD_USD,primary,main,log_return__GOLD_USD,-0.0359591903930027
2026-03-04,W01,GOLD_USD,primary,main,log_return__GOLD_USD,0.0025030895869679
2026-03-05,W01,GOLD_USD,primary,main,log_return__GOLD_USD,-0.0107802115364084
2026-03-06,W01,GOLD_USD,primary,main,log_return__GOLD_USD,0.0158258378189071
2026-03-07,W02,GOLD_USD,primary,main,log_return__GOLD_USD,
2026-03-08,W02,GOLD_USD,primary,main,log_return__GOLD_USD,
2026-03-09,W02,GOLD_USD,primary,main,log_return__GOLD_USD,-0.0106666825868941
2026-03-10,W02,GOLD_USD,primary,main,log_return__GOLD_USD,0.0267814697721373
2026-03-11,W02,GOLD_USD,primary,main,log_return__GOLD_USD,-0.0119843106311741
2026-03-12,W02,GOLD_USD,primary,main,log_return__GOLD_USD,-0.0100358900378321
2026-03-13,W02,GOLD_USD,primary,main,log_return__GOLD_USD,-0.0124505814370756
2026-03-14,W03,GOLD_USD,primary,main,log_return__GOLD_USD,
2026-03-15,W03,GOLD_USD,primary,main,log_return__GOLD_USD,
2026-03-16,W03,GOLD_USD,primary,main,log_return__GOLD_USD,-0.0116459784380573
2026-03-17,W03,GOLD_USD,primary,main,log_return__GOLD_USD,0.001400700579186
2026-03-18,W03,GOLD_USD,primary,main,log_return__GOLD_USD,-0.0224660590278507
2026-03-19,W03,GOLD_USD,primary,main,log_return__GOLD_USD,-0.0609633251253214
2026-03-20,W03,GOLD_USD,primary,main,log_return__GOLD_USD,-0.0066078012225911
2026-03-21,W04,GOLD_USD,primary,main,log_return__GOLD_USD,
2026-03-22,W04,GOLD_USD,primary,main,log_return__GOLD_USD,
2026-03-23,W04,GOLD_USD,primary,main,log_return__GOLD_USD,-0.0370647596540862
2026-03-24,W04,GOLD_USD,primary,main,log_return__GOLD_USD,-0.001090554444362
2026-03-25,W04,GOLD_USD,primary,main,log_return__GOLD_USD,0.033637840062541
2026-03-26,W04,GOLD_USD,primary,main,log_return__GOLD_USD,-0.0390624340313472
2026-03-27,W04,GOLD_USD,primary,main,log_return__GOLD_USD,0.0262772378824482
2026-03-28,W05,GOLD_USD,primary,main,log_return__GOLD_USD,
2026-03-29,W05,GOLD_USD,primary,main,log_return__GOLD_USD,
2026-03-30,W05,GOLD_USD,primary,main,log_return__GOLD_USD,0.0075405103351489
2026-03-31,W05,GOLD_USD,primary,main,log_return__GOLD_USD,0.0265124311274114
2026-04-01,W05,GOLD_USD,primary,main,log_return__GOLD_USD,0.0287588410788188
2026-04-02,W05,GOLD_USD,primary,main,log_return__GOLD_USD,-0.0279200711911009
2026-04-03,W05,GOLD_USD,primary,main,log_return__GOLD_USD,
2026-04-04,W06,GOLD_USD,primary,main,log_return__GOLD_USD,
2026-04-05,W06,GOLD_USD,primary,main,log_return__GOLD_USD,
2026-04-06,W06,GOLD_USD,primary,main,log_return__GOLD_USD,0.0011387268075573
2026-04-07,W06,GOLD_USD,primary,main,log_return__GOLD_USD,6.448275631143474e-05
2026-04-08,W06,GOLD_USD,primary,main,log_return__GOLD_USD,0.0196463915577549
2026-04-09,W06,GOLD_USD,primary,main,log_return__GOLD_USD,0.0089502875774947
2026-04-10,W06,GOLD_USD,primary,main,log_return__GOLD_USD,-0.006342909169259
2026-04-11,W07,GOLD_USD,primary,main,log_return__GOLD_USD,
2026-04-12,W07,GOLD_USD,primary,main,log_return__GOLD_USD,
2026-04-13,W07,GOLD_USD,primary,main,log_return__GOLD_USD,-0.0041034116689164
2026-04-14,W07,GOLD_USD,primary,main,log_return__GOLD_USD,0.0172674187035308
2026-04-15,W07,GOLD_USD,primary,main,log_return__GOLD_USD,-0.0051948168771041
2026-04-16,W07,GOLD_USD,primary,main,log_return__GOLD_USD,-0.003046322343529
2026-04-17,W07,GOLD_USD,primary,main,log_return__GOLD_USD,0.0149749133126082
2026-04-18,W08,GOLD_USD,primary,main,log_return__GOLD_USD,
2026-04-19,W08,GOLD_USD,primary,main,log_return__GOLD_USD,
2026-04-20,W08,GOLD_USD,primary,main,log_return__GOLD_USD,-0.0105545150988195
2026-04-21,W08,GOLD_USD,primary,main,log_return__GOLD_USD,-0.0227679893429346
2026-04-22,W08,GOLD_USD,primary,main,log_return__GOLD_USD,0.0072315996601712
2026-04-23,W08,GOLD_USD,primary,main,log_return__GOLD_USD,-0.0058065565493361
2026-04-24,W08,GOLD_USD,primary,main,log_return__GOLD_USD,0.0036488801351293
2026-04-25,W09,GOLD_USD,primary,main,log_return__GOLD_USD,
2026-04-26,W09,GOLD_USD,primary,main,log_return__GOLD_USD,
2026-04-27,W09,GOLD_USD,primary,main,log_return__GOLD_USD,-0.0099812279965849
2026-04-28,W09,GOLD_USD,primary,main,log_return__GOLD_USD,-0.0181079316191095
2026-04-29,W09,GOLD_USD,primary,main,log_return__GOLD_USD,-0.0101349940385677
2026-04-30,W09,GOLD_USD,primary,main,log_return__GOLD_USD,0.0151751287158674
2026-05-01,W09,GOLD_USD,primary,main,log_return__GOLD_USD,0.0032883457514998
2026-05-02,W10,GOLD_USD,primary,main,log_return__GOLD_USD,
2026-05-03,W10,GOLD_USD,primary,main,log_return__GOLD_USD,
2026-05-04,W10,GOLD_USD,primary,main,log_return__GOLD_USD,-0.0241338802439106
2026-05-05,W10,GOLD_USD,primary,main,log_return__GOLD_USD,0.0079997353376004
2026-05-06,W10,GOLD_USD,primary,main,log_return__GOLD_USD,0.0273028859945938
2026-05-07,W10,GOLD_USD,primary,main,log_return__GOLD_USD,0.0038159234729668
2026-05-08,W10,GOLD_USD,primary,main,log_return__GOLD_USD,0.0043736080198364
2026-05-09,W11,GOLD_USD,primary,main,log_return__GOLD_USD,
2026-05-10,W11,GOLD_USD,primary,main,log_return__GOLD_USD,
2026-05-11,W11,GOLD_USD,primary,main,log_return__GOLD_USD,-0.0003601417575911
2026-05-12,W11,GOLD_USD,primary,main,log_return__GOLD_USD,-0.0087482005669858
2026-05-13,W11,GOLD_USD,primary,main,log_return__GOLD_USD,0.0042878900568155
2026-05-14,W11,GOLD_USD,primary,main,log_return__GOLD_USD,-0.0041810033481706
2026-05-15,W11,GOLD_USD,primary,main,log_return__GOLD_USD,-0.026490961871465
2026-05-16,W12,GOLD_USD,primary,main,log_return__GOLD_USD,
2026-05-17,W12,GOLD_USD,primary,main,log_return__GOLD_USD,
2026-05-18,W12,GOLD_USD,primary,main,log_return__GOLD_USD,-0.0007245709743042
2026-05-19,W12,GOLD_USD,primary,main,log_return__GOLD_USD,-0.0102001582717434
2026-05-20,W12,GOLD_USD,primary,main,log_return__GOLD_USD,0.0055324565918706
2026-05-21,W12,GOLD_USD,primary,main,log_return__GOLD_USD,0.0018740842574409
2026-05-22,W12,GOLD_USD,primary,main,log_return__GOLD_USD,-0.0041497068847249
2026-05-23,W13,GOLD_USD,primary,main,log_return__GOLD_USD,
2026-05-24,W13,GOLD_USD,primary,main,log_return__GOLD_USD,
2026-05-25,W13,GOLD_USD,primary,main,log_return__GOLD_USD,
2026-05-26,W13,GOLD_USD,primary,main,log_return__GOLD_USD,-0.0045669482971497
2026-05-27,W13,GOLD_USD,primary,main,log_return__GOLD_USD,-0.011824119457465
2026-05-28,W13,GOLD_USD,primary,main,log_return__GOLD_USD,0.0115796451533132
2026-05-29,W13,GOLD_USD,primary,main,log_return__GOLD_USD,0.013510480926909
2026-05-30,W14,GOLD_USD,primary,main,log_return__GOLD_USD,
2026-05-31,W14,GOLD_USD,primary,main,log_return__GOLD_USD,
2026-06-01,W14,GOLD_USD,primary,main,log_return__GOLD_USD,-0.0188811795292185
2026-06-02,W14,GOLD_USD,primary,main,log_return__GOLD_USD,0.0031011708732169
2026-06-03,W14,GOLD_USD,primary,main,log_return__GOLD_USD,-0.0117413571013589
2026-06-04,W14,GOLD_USD,primary,main,log_return__GOLD_USD,0.0087741621807513
2026-06-05,W14,GOLD_USD,primary,main,log_return__GOLD_USD,-0.0314791185446114
2026-06-06,W15,GOLD_USD,primary,main,log_return__GOLD_USD,
2026-06-07,W15,GOLD_USD,primary,main,log_return__GOLD_USD,
2026-06-08,W15,GOLD_USD,primary,main,log_return__GOLD_USD,-0.0002767658988034
2026-06-09,W15,GOLD_USD,primary,main,log_return__GOLD_USD,-0.0176600183367732
2026-06-10,W15,GOLD_USD,primary,main,log_return__GOLD_USD,-0.036284136366234
2026-06-11,W15,GOLD_USD,primary,main,log_return__GOLD_USD,-0.0043666949794936
2026-06-12,W15,GOLD_USD,primary,main,log_return__GOLD_USD,0.0300312625182677
2026-06-13,W16,GOLD_USD,primary,main,log_return__GOLD_USD,
2026-06-14,W16,GOLD_USD,primary,main,log_return__GOLD_USD,
2026-06-15,W16,GOLD_USD,primary,main,log_return__GOLD_USD,0.0264559500903622
2026-06-16,W16,GOLD_USD,primary,main,log_return__GOLD_USD,0.0006698085172178
2026-06-17,W16,GOLD_USD,primary,main,log_return__GOLD_USD,0.0064443594863092
2026-06-18,W16,GOLD_USD,primary,main,log_return__GOLD_USD,-0.0314134660627249
2026-06-19,W16,GOLD_USD,primary,main,log_return__GOLD_USD,
2026-06-20,W17,GOLD_USD,primary,main,log_return__GOLD_USD,
2026-06-21,W17,GOLD_USD,primary,main,log_return__GOLD_USD,
2026-06-22,W17,GOLD_USD,primary,main,log_return__GOLD_USD,-0.0100405781203889
2026-06-23,W17,GOLD_USD,primary,main,log_return__GOLD_USD,-0.0125124954060087
2026-06-24,W17,GOLD_USD,primary,main,log_return__GOLD_USD,-0.0343867416766574
2026-06-25,W17,GOLD_USD,primary,main,log_return__GOLD_USD,0.01002400945959
2026-06-26,W17,GOLD_USD,primary,main,log_return__GOLD_USD,0.0118878604795682
2026-06-27,W18,GOLD_USD,primary,main,log_return__GOLD_USD,
2026-06-28,W18,GOLD_USD,primary,main,log_return__GOLD_USD,
2026-06-29,W18,GOLD_USD,primary,main,log_return__GOLD_USD,-0.01392440775661
2026-06-30,W18,GOLD_USD,primary,main,log_return__GOLD_USD,0.0001491208473076
2026-07-01,W18,GOLD_USD,primary,main,log_return__GOLD_USD,0.0112222224701827
2026-07-02,W18,GOLD_USD,primary,main,log_return__GOLD_USD,0.0108545608359502
2026-07-03,W18,GOLD_USD,primary,main,log_return__GOLD_USD,
2026-07-04,W19,GOLD_USD,primary,main,log_return__GOLD_USD,
2026-07-05,W19,GOLD_USD,primary,main,log_return__GOLD_USD,
2026-07-06,W19,GOLD_USD,primary,main,log_return__GOLD_USD,0.0102567242913114
2026-07-07,W19,GOLD_USD,primary,main,log_return__GOLD_USD,-0.0023614037005703
2026-07-08,W19,GOLD_USD,primary,main,log_return__GOLD_USD,-0.0181110339675676
2026-07-09,W19,GOLD_USD,primary,main,log_return__GOLD_USD,0.0145586172724687
2026-07-10,W19,GOLD_USD,primary,main,log_return__GOLD_USD,-0.0064362006754112
2026-07-11,W20,GOLD_USD,primary,main,log_return__GOLD_USD,
2026-07-12,W20,GOLD_USD,primary,main,log_return__GOLD_USD,
2026-07-13,W20,GOLD_USD,primary,main,log_return__GOLD_USD,-0.0264424181089619
2026-07-14,W20,GOLD_USD,primary,main,log_return__GOLD_USD,0.0159098171952756
2026-07-15,W20,GOLD_USD,primary,main,log_return__GOLD_USD,-0.0042195957662372
2026-07-16,W20,GOLD_USD,primary,main,log_return__GOLD_USD,-0.0145464111301745
2026-07-17,W20,GOLD_USD,primary,main,log_return__GOLD_USD,0.0067764292542644
2026-07-18,W21,GOLD_USD,primary,main,log_return__GOLD_USD,
2026-07-19,W21,GOLD_USD,primary,main,log_return__GOLD_USD,
2026-07-20,W21,GOLD_USD,primary,main,log_return__GOLD_USD,-0.000598255618927
2026-07-21,W21,GOLD_USD,primary,main,log_return__GOLD_USD,0.0150471935326379
2026-07-22,W21,GOLD_USD,primary,main,log_return__GOLD_USD,0.0184477864110412
2026-02-28,W01,IRR_GOLD18,secondary,sensitivity,log_return__IRR_GOLD18,
2026-03-01,W01,IRR_GOLD18,secondary,sensitivity,log_return__IRR_GOLD18,-9.44181482296358e-05
2026-03-02,W01,IRR_GOLD18,secondary,sensitivity,log_return__IRR_GOLD18,0.0
2026-03-03,W01,IRR_GOLD18,secondary,sensitivity,log_return__IRR_GOLD18,5.963355183880026e-05
2026-03-04,W01,IRR_GOLD18,secondary,sensitivity,log_return__IRR_GOLD18,-4.472483048445497e-05
2026-03-05,W01,IRR_GOLD18,secondary,sensitivity,log_return__IRR_GOLD18,0.0
2026-03-06,W01,IRR_GOLD18,secondary,sensitivity,log_return__IRR_GOLD18,
2026-03-07,W02,IRR_GOLD18,secondary,sensitivity,log_return__IRR_GOLD18,1.9877949391400307e-05
2026-03-08,W02,IRR_GOLD18,secondary,sensitivity,log_return__IRR_GOLD18,4.969314483815879e-05
2026-03-09,W02,IRR_GOLD18,secondary,sensitivity,log_return__IRR_GOLD18,-6.95710942295591e-05
2026-03-10,W02,IRR_GOLD18,secondary,sensitivity,log_return__IRR_GOLD18,0.0
2026-03-11,W02,IRR_GOLD18,secondary,sensitivity,log_return__IRR_GOLD18,1.9877949391400307e-05
2026-03-12,W02,IRR_GOLD18,secondary,sensitivity,log_return__IRR_GOLD18,-9.93892530587459e-06
2026-03-13,W02,IRR_GOLD18,secondary,sensitivity,log_return__IRR_GOLD18,
2026-03-14,W03,IRR_GOLD18,secondary,sensitivity,log_return__IRR_GOLD18,-2.4847745439871005e-05
2026-03-15,W03,IRR_GOLD18,secondary,sensitivity,log_return__IRR_GOLD18,-0.1731550093875391
2026-03-16,W03,IRR_GOLD18,secondary,sensitivity,log_return__IRR_GOLD18,-0.0192709480634505
2026-03-17,W03,IRR_GOLD18,secondary,sensitivity,log_return__IRR_GOLD18,0.0487463364734992
2026-03-18,W03,IRR_GOLD18,secondary,sensitivity,log_return__IRR_GOLD18,0.0206504694851936
2026-03-19,W03,IRR_GOLD18,secondary,sensitivity,log_return__IRR_GOLD18,-0.0086721636306563
2026-03-20,W03,IRR_GOLD18,secondary,sensitivity,log_return__IRR_GOLD18,
2026-03-21,W04,IRR_GOLD18,secondary,sensitivity,log_return__IRR_GOLD18,0.0
2026-03-22,W04,IRR_GOLD18,secondary,sensitivity,log_return__IRR_GOLD18,-0.0119402154097159
2026-03-23,W04,IRR_GOLD18,secondary,sensitivity,log_return__IRR_GOLD18,0.0
2026-03-24,W04,IRR_GOLD18,secondary,sensitivity,log_return__IRR_GOLD18,1.721165458690166e-05
2026-03-25,W04,IRR_GOLD18,secondary,sensitivity,log_return__IRR_GOLD18,0.0067071556870352
2026-03-26,W04,IRR_GOLD18,secondary,sensitivity,log_return__IRR_GOLD18,-0.0032135923108818
2026-03-27,W04,IRR_GOLD18,secondary,sensitivity,log_return__IRR_GOLD18,
2026-03-28,W05,IRR_GOLD18,secondary,sensitivity,log_return__IRR_GOLD18,-5.145576949061592e-05
2026-03-29,W05,IRR_GOLD18,secondary,sensitivity,log_return__IRR_GOLD18,5.145576949061592e-05
2026-03-30,W05,IRR_GOLD18,secondary,sensitivity,log_return__IRR_GOLD18,-0.0001315033406612
2026-03-31,W05,IRR_GOLD18,secondary,sensitivity,log_return__IRR_GOLD18,1.1435759621036825e-05
2026-04-01,W05,IRR_GOLD18,secondary,sensitivity,log_return__IRR_GOLD18,6.86118115496015e-05
2026-04-02,W05,IRR_GOLD18,secondary,sensitivity,log_return__IRR_GOLD18,-8.004757117063832e-05
2026-04-03,W05,IRR_GOLD18,secondary,sensitivity,log_return__IRR_GOLD18,
2026-04-04,W06,IRR_GOLD18,secondary,sensitivity,log_return__IRR_GOLD18,0.0001143517116837
2026-04-05,W06,IRR_GOLD18,secondary,sensitivity,log_return__IRR_GOLD18,0.0225611518380475
2026-04-06,W06,IRR_GOLD18,secondary,sensitivity,log_return__IRR_GOLD18,0.000106198944259
2026-04-07,W06,IRR_GOLD18,secondary,sensitivity,log_return__IRR_GOLD18,0.006401367868996
2026-04-08,W06,IRR_GOLD18,secondary,sensitivity,log_return__IRR_GOLD18,-0.0020012458871612
2026-04-09,W06,IRR_GOLD18,secondary,sensitivity,log_return__IRR_GOLD18,0.0032943650648249
2026-04-10,W06,IRR_GOLD18,secondary,sensitivity,log_return__IRR_GOLD18,
2026-04-11,W07,IRR_GOLD18,secondary,sensitivity,log_return__IRR_GOLD18,-0.0247177098265645
2026-04-12,W07,IRR_GOLD18,secondary,sensitivity,log_return__IRR_GOLD18,0.018877091585697
2026-04-13,W07,IRR_GOLD18,secondary,sensitivity,log_return__IRR_GOLD18,0.00838865846044
2026-04-14,W07,IRR_GOLD18,secondary,sensitivity,log_return__IRR_GOLD18,-4.9790740593635974e-05
2026-04-15,W07,IRR_GOLD18,secondary,sensitivity,log_return__IRR_GOLD18,-0.0257843442335925
2026-04-16,W07,IRR_GOLD18,secondary,sensitivity,log_return__IRR_GOLD18,-0.004968296843792
2026-04-17,W07,IRR_GOLD18,secondary,sensitivity,log_return__IRR_GOLD18,
2026-04-18,W08,IRR_GOLD18,secondary,sensitivity,log_return__IRR_GOLD18,-0.0209448944693981
2026-04-19,W08,IRR_GOLD18,secondary,sensitivity,log_return__IRR_GOLD18,-0.0012067052294568
2026-04-20,W08,IRR_GOLD18,secondary,sensitivity,log_return__IRR_GOLD18,-0.0050700528770697
2026-04-21,W08,IRR_GOLD18,secondary,sensitivity,log_return__IRR_GOLD18,0.0033186162516898
2026-04-22,W08,IRR_GOLD18,secondary,sensitivity,log_return__IRR_GOLD18,0.008309523408073
2026-04-23,W08,IRR_GOLD18,secondary,sensitivity,log_return__IRR_GOLD18,-0.0033259936801641
2026-04-24,W08,IRR_GOLD18,secondary,sensitivity,log_return__IRR_GOLD18,
2026-04-25,W09,IRR_GOLD18,secondary,sensitivity,log_return__IRR_GOLD18,0.0039921834182514
2026-04-26,W09,IRR_GOLD18,secondary,sensitivity,log_return__IRR_GOLD18,-0.0054584337463978
2026-04-27,W09,IRR_GOLD18,secondary,sensitivity,log_return__IRR_GOLD18,0.0273050193774757
2026-04-28,W09,IRR_GOLD18,secondary,sensitivity,log_return__IRR_GOLD18,0.0577839834181475
2026-04-29,W09,IRR_GOLD18,secondary,sensitivity,log_return__IRR_GOLD18,0.0599090236021453
2026-04-30,W09,IRR_GOLD18,secondary,sensitivity,log_return__IRR_GOLD18,-0.0046496800980335
2026-05-01,W09,IRR_GOLD18,secondary,sensitivity,log_return__IRR_GOLD18,
2026-05-02,W10,IRR_GOLD18,secondary,sensitivity,log_return__IRR_GOLD18,0.0173818838656814
2026-05-03,W10,IRR_GOLD18,secondary,sensitivity,log_return__IRR_GOLD18,0.0113092219628541
2026-05-04,W10,IRR_GOLD18,secondary,sensitivity,log_return__IRR_GOLD18,-0.0311280616013291
2026-05-05,W10,IRR_GOLD18,secondary,sensitivity,log_return__IRR_GOLD18,-0.0284942721931962
2026-05-06,W10,IRR_GOLD18,secondary,sensitivity,log_return__IRR_GOLD18,0.0084817180768972
2026-05-07,W10,IRR_GOLD18,secondary,sensitivity,log_return__IRR_GOLD18,0.0082461517310399
2026-05-08,W10,IRR_GOLD18,secondary,sensitivity,log_return__IRR_GOLD18,
2026-05-09,W11,IRR_GOLD18,secondary,sensitivity,log_return__IRR_GOLD18,-0.0082461517310399
2026-05-10,W11,IRR_GOLD18,secondary,sensitivity,log_return__IRR_GOLD18,-0.0080120973131165
2026-05-11,W11,IRR_GOLD18,secondary,sensitivity,log_return__IRR_GOLD18,0.0327916739379823
2026-05-12,W11,IRR_GOLD18,secondary,sensitivity,log_return__IRR_GOLD18,-0.011168819363565
2026-05-13,W11,IRR_GOLD18,secondary,sensitivity,log_return__IRR_GOLD18,-7.147524917527903e-05
2026-05-14,W11,IRR_GOLD18,secondary,sensitivity,log_return__IRR_GOLD18,0.000474704148285
2026-05-15,W11,IRR_GOLD18,secondary,sensitivity,log_return__IRR_GOLD18,
2026-05-16,W12,IRR_GOLD18,secondary,sensitivity,log_return__IRR_GOLD18,-0.0096865846229654
2026-05-17,W12,IRR_GOLD18,secondary,sensitivity,log_return__IRR_GOLD18,-0.0067990014329097
2026-05-18,W12,IRR_GOLD18,secondary,sensitivity,log_return__IRR_GOLD18,-0.0151120050524653
2026-05-19,W12,IRR_GOLD18,secondary,sensitivity,log_return__IRR_GOLD18,-0.0005848030407804
2026-05-20,W12,IRR_GOLD18,secondary,sensitivity,log_return__IRR_GOLD18,0.0127821190728845
2026-05-21,W12,IRR_GOLD18,secondary,sensitivity,log_return__IRR_GOLD18,-0.0036018230471377
2026-05-22,W12,IRR_GOLD18,secondary,sensitivity,log_return__IRR_GOLD18,
2026-05-23,W13,IRR_GOLD18,secondary,sensitivity,log_return__IRR_GOLD18,-0.0313690893409415
2026-05-24,W13,IRR_GOLD18,secondary,sensitivity,log_return__IRR_GOLD18,-0.0334152383759445
2026-05-25,W13,IRR_GOLD18,secondary,sensitivity,log_return__IRR_GOLD18,0.0171347541713267
2026-05-26,W13,IRR_GOLD18,secondary,sensitivity,log_return__IRR_GOLD18,-0.002429135452111
2026-05-27,W13,IRR_GOLD18,secondary,sensitivity,log_return__IRR_GOLD18,0.0
2026-05-28,W13,IRR_GOLD18,secondary,sensitivity,log_return__IRR_GOLD18,-0.0045340571577803
2026-05-29,W13,IRR_GOLD18,secondary,sensitivity,log_return__IRR_GOLD18,
2026-05-30,W14,IRR_GOLD18,secondary,sensitivity,log_return__IRR_GOLD18,-0.0083346968504507
2026-05-31,W14,IRR_GOLD18,secondary,sensitivity,log_return__IRR_GOLD18,0.0076837162189598
2026-06-01,W14,IRR_GOLD18,secondary,sensitivity,log_return__IRR_GOLD18,0.0252731064785862
2026-06-02,W14,IRR_GOLD18,secondary,sensitivity,log_return__IRR_GOLD18,-0.0195172673565835
2026-06-03,W14,IRR_GOLD18,secondary,sensitivity,log_return__IRR_GOLD18,0.0028327156284859
2026-06-04,W14,IRR_GOLD18,secondary,sensitivity,log_return__IRR_GOLD18,0.0
2026-06-05,W14,IRR_GOLD18,secondary,sensitivity,log_return__IRR_GOLD18,
2026-06-06,W15,IRR_GOLD18,secondary,sensitivity,log_return__IRR_GOLD18,-0.0162111002168359
2026-06-07,W15,IRR_GOLD18,secondary,sensitivity,log_return__IRR_GOLD18,0.0177746939573673
2026-06-08,W15,IRR_GOLD18,secondary,sensitivity,log_return__IRR_GOLD18,-0.0133248416934463
2026-06-09,W15,IRR_GOLD18,secondary,sensitivity,log_return__IRR_GOLD18,-0.0076747541762998
2026-06-10,W15,IRR_GOLD18,secondary,sensitivity,log_return__IRR_GOLD18,-0.0006026886793257
2026-06-11,W15,IRR_GOLD18,secondary,sensitivity,log_return__IRR_GOLD18,-0.0026494375664931
2026-06-12,W15,IRR_GOLD18,secondary,sensitivity,log_return__IRR_GOLD18,
2026-06-13,W16,IRR_GOLD18,secondary,sensitivity,log_return__IRR_GOLD18,-0.0368318834969656
2026-06-14,W16,IRR_GOLD18,secondary,sensitivity,log_return__IRR_GOLD18,-0.0052700467154629
2026-06-15,W16,IRR_GOLD18,secondary,sensitivity,log_return__IRR_GOLD18,-0.0498730031360743
2026-06-16,W16,IRR_GOLD18,secondary,sensitivity,log_return__IRR_GOLD18,-0.0403825903084786
2026-06-17,W16,IRR_GOLD18,secondary,sensitivity,log_return__IRR_GOLD18,0.0333010182928283
2026-06-18,W16,IRR_GOLD18,secondary,sensitivity,log_return__IRR_GOLD18,-0.0325154798233207
2026-06-19,W16,IRR_GOLD18,secondary,sensitivity,log_return__IRR_GOLD18,
2026-06-20,W17,IRR_GOLD18,secondary,sensitivity,log_return__IRR_GOLD18,0.0275283708942701
2026-06-21,W17,IRR_GOLD18,secondary,sensitivity,log_return__IRR_GOLD18,0.003645204522332
2026-06-22,W17,IRR_GOLD18,secondary,sensitivity,log_return__IRR_GOLD18,-0.0140209304750626
2026-06-23,W17,IRR_GOLD18,secondary,sensitivity,log_return__IRR_GOLD18,0.0093690957794301
2026-06-24,W17,IRR_GOLD18,secondary,sensitivity,log_return__IRR_GOLD18,0.0
2026-06-25,W17,IRR_GOLD18,secondary,sensitivity,log_return__IRR_GOLD18,0.0
2026-06-26,W17,IRR_GOLD18,secondary,sensitivity,log_return__IRR_GOLD18,
2026-06-27,W18,IRR_GOLD18,secondary,sensitivity,log_return__IRR_GOLD18,0.015312496508482
2026-06-28,W18,IRR_GOLD18,secondary,sensitivity,log_return__IRR_GOLD18,0.0569162086283618
2026-06-29,W18,IRR_GOLD18,secondary,sensitivity,log_return__IRR_GOLD18,-0.0297558719766151
2026-06-30,W18,IRR_GOLD18,secondary,sensitivity,log_return__IRR_GOLD18,0.0075741299590177
2026-07-01,W18,IRR_GOLD18,secondary,sensitivity,log_return__IRR_GOLD18,0.0202713005878401
2026-07-02,W18,IRR_GOLD18,secondary,sensitivity,log_return__IRR_GOLD18,0.011849319365865
2026-07-03,W18,IRR_GOLD18,secondary,sensitivity,log_return__IRR_GOLD18,
2026-07-04,W19,IRR_GOLD18,secondary,sensitivity,log_return__IRR_GOLD18,0.0151006958559172
2026-07-05,W19,IRR_GOLD18,secondary,sensitivity,log_return__IRR_GOLD18,0.0
2026-07-06,W19,IRR_GOLD18,secondary,sensitivity,log_return__IRR_GOLD18,0.000507531209962
2026-07-07,W19,IRR_GOLD18,secondary,sensitivity,log_return__IRR_GOLD18,0.000186030255822
2026-07-08,W19,IRR_GOLD18,secondary,sensitivity,log_return__IRR_GOLD18,0.0080058815209511
2026-07-09,W19,IRR_GOLD18,secondary,sensitivity,log_return__IRR_GOLD18,0.0029927270090794
2026-07-10,W19,IRR_GOLD18,secondary,sensitivity,log_return__IRR_GOLD18,
2026-07-11,W20,IRR_GOLD18,secondary,sensitivity,log_return__IRR_GOLD18,-0.0260258102770123
2026-07-12,W20,IRR_GOLD18,secondary,sensitivity,log_return__IRR_GOLD18,0.0104849493679672
2026-07-13,W20,IRR_GOLD18,secondary,sensitivity,log_return__IRR_GOLD18,0.0012393012833271
2026-07-14,W20,IRR_GOLD18,secondary,sensitivity,log_return__IRR_GOLD18,0.0117896126075649
2026-07-15,W20,IRR_GOLD18,secondary,sensitivity,log_return__IRR_GOLD18,0.0258426284632449
2026-07-16,W20,IRR_GOLD18,secondary,sensitivity,log_return__IRR_GOLD18,-0.0062941741010575
2026-07-17,W20,IRR_GOLD18,secondary,sensitivity,log_return__IRR_GOLD18,
2026-07-18,W21,IRR_GOLD18,secondary,sensitivity,log_return__IRR_GOLD18,0.0477897868881811
2026-07-19,W21,IRR_GOLD18,secondary,sensitivity,log_return__IRR_GOLD18,-0.0195596872502363
2026-07-20,W21,IRR_GOLD18,secondary,sensitivity,log_return__IRR_GOLD18,-0.0315680660306298
2026-07-21,W21,IRR_GOLD18,secondary,sensitivity,log_return__IRR_GOLD18,0.0142455896023605
2026-07-22,W21,IRR_GOLD18,secondary,sensitivity,log_return__IRR_GOLD18,0.0298137364889399
2026-02-28,W01,IRR_USD,primary,main,log_return__IRR_USD,
2026-03-01,W01,IRR_USD,primary,main,log_return__IRR_USD,6.0108796940738785e-05
2026-03-02,W01,IRR_USD,primary,main,log_return__IRR_USD,-0.0001803372311091
2026-03-03,W01,IRR_USD,primary,main,log_return__IRR_USD,9.01726807445158e-05
2026-03-04,W01,IRR_USD,primary,main,log_return__IRR_USD,9.016455036459092e-05
2026-03-05,W01,IRR_USD,primary,main,log_return__IRR_USD,-0.0002404568692071
2026-03-06,W01,IRR_USD,primary,main,log_return__IRR_USD,
2026-03-07,W02,IRR_USD,primary,main,log_return__IRR_USD,0.0002404568692071
2026-03-08,W02,IRR_USD,primary,main,log_return__IRR_USD,-0.0001202212071653
2026-03-09,W02,IRR_USD,primary,main,log_return__IRR_USD,0.0
2026-03-10,W02,IRR_USD,primary,main,log_return__IRR_USD,0.0001202212071653
2026-03-11,W02,IRR_USD,primary,main,log_return__IRR_USD,-0.0001202212071653
2026-03-12,W02,IRR_USD,primary,main,log_return__IRR_USD,6.0112410224633095e-05
2026-03-13,W02,IRR_USD,primary,main,log_return__IRR_USD,
2026-03-14,W03,IRR_USD,primary,main,log_return__IRR_USD,0.0
2026-03-15,W03,IRR_USD,primary,main,log_return__IRR_USD,-0.1237215280959738
2026-03-16,W03,IRR_USD,primary,main,log_return__IRR_USD,-0.0227047936937569
2026-03-17,W03,IRR_USD,primary,main,log_return__IRR_USD,0.009833193281846
2026-03-18,W03,IRR_USD,primary,main,log_return__IRR_USD,0.0747919010812978
2026-03-19,W03,IRR_USD,primary,main,log_return__IRR_USD,0.0183107723078173
2026-03-20,W03,IRR_USD,primary,main,log_return__IRR_USD,
2026-03-21,W04,IRR_USD,primary,main,log_return__IRR_USD,0.0
2026-03-22,W04,IRR_USD,primary,main,log_return__IRR_USD,-0.0031440634589738
2026-03-23,W04,IRR_USD,primary,main,log_return__IRR_USD,0.0
2026-03-24,W04,IRR_USD,primary,main,log_return__IRR_USD,-0.0063813200276054
2026-03-25,W04,IRR_USD,primary,main,log_return__IRR_USD,-0.0002535657699791
2026-03-26,W04,IRR_USD,primary,main,log_return__IRR_USD,0.00537448734487
2026-03-27,W04,IRR_USD,primary,main,log_return__IRR_USD,
2026-03-28,W05,IRR_USD,primary,main,log_return__IRR_USD,0.0
2026-03-29,W05,IRR_USD,primary,main,log_return__IRR_USD,-0.0001261272625754
2026-03-30,W05,IRR_USD,primary,main,log_return__IRR_USD,-6.30695973207196e-05
2026-03-31,W05,IRR_USD,primary,main,log_return__IRR_USD,0.0001576665356051
2026-04-01,W05,IRR_USD,primary,main,log_return__IRR_USD,-3.153131848598889e-05
2026-04-02,W05,IRR_USD,primary,main,log_return__IRR_USD,-6.306561979840808e-05
2026-04-03,W05,IRR_USD,primary,main,log_return__IRR_USD,
2026-04-04,W06,IRR_USD,primary,main,log_return__IRR_USD,6.306561979840808e-05
2026-04-05,W06,IRR_USD,primary,main,log_return__IRR_USD,-0.0099503308531669
2026-04-06,W06,IRR_USD,primary,main,log_return__IRR_USD,0.0
2026-04-07,W06,IRR_USD,primary,main,log_return__IRR_USD,0.0220481372217626
2026-04-08,W06,IRR_USD,primary,main,log_return__IRR_USD,-0.039135981540614
2026-04-09,W06,IRR_USD,primary,main,log_return__IRR_USD,0.013834149145623
2026-04-10,W06,IRR_USD,primary,main,log_return__IRR_USD,
2026-04-11,W07,IRR_USD,primary,main,log_return__IRR_USD,-0.0185751874140258
2026-04-12,W07,IRR_USD,primary,main,log_return__IRR_USD,0.0190862715623776
2026-04-13,W07,IRR_USD,primary,main,log_return__IRR_USD,0.0160925925963333
2026-04-14,W07,IRR_USD,primary,main,log_return__IRR_USD,0.0
2026-04-15,W07,IRR_USD,primary,main,log_return__IRR_USD,-0.0425623470138738
2026-04-16,W07,IRR_USD,primary,main,log_return__IRR_USD,-0.002363756845833
2026-04-17,W07,IRR_USD,primary,main,log_return__IRR_USD,
2026-04-18,W08,IRR_USD,primary,main,log_return__IRR_USD,-0.029621912305517
2026-04-19,W08,IRR_USD,primary,main,log_return__IRR_USD,0.0090327543710397
2026-04-20,W08,IRR_USD,primary,main,log_return__IRR_USD,0.0144567988665276
2026-04-21,W08,IRR_USD,primary,main,log_return__IRR_USD,0.0087584109972542
2026-04-22,W08,IRR_USD,primary,main,log_return__IRR_USD,0.0175477304366289
2026-04-23,W08,IRR_USD,primary,main,log_return__IRR_USD,-0.0014828667170334
2026-04-24,W08,IRR_USD,primary,main,log_return__IRR_USD,
2026-04-25,W09,IRR_USD,primary,main,log_return__IRR_USD,0.0064954085405783
2026-04-26,W09,IRR_USD,primary,main,log_return__IRR_USD,0.0031680533385056
2026-04-27,W09,IRR_USD,primary,main,log_return__IRR_USD,0.0151880783122333
2026-04-28,W09,IRR_USD,primary,main,log_return__IRR_USD,0.0431127792039074
2026-04-29,W09,IRR_USD,primary,main,log_return__IRR_USD,0.0556871476658624
2026-04-30,W09,IRR_USD,primary,main,log_return__IRR_USD,0.014265738676638
2026-05-01,W09,IRR_USD,primary,main,log_return__IRR_USD,
2026-05-02,W10,IRR_USD,primary,main,log_return__IRR_USD,0.0249790962521387
2026-05-03,W10,IRR_USD,primary,main,log_return__IRR_USD,0.0216916481823314
2026-05-04,W10,IRR_USD,primary,main,log_return__IRR_USD,-0.0377733409528211
2026-05-05,W10,IRR_USD,primary,main,log_return__IRR_USD,0.0104190700910891
2026-05-06,W10,IRR_USD,primary,main,log_return__IRR_USD,-0.0279535195593876
2026-05-07,W10,IRR_USD,primary,main,log_return__IRR_USD,-0.0054576599367983
2026-05-08,W10,IRR_USD,primary,main,log_return__IRR_USD,
2026-05-09,W11,IRR_USD,primary,main,log_return__IRR_USD,0.0139822832139415
2026-05-10,W11,IRR_USD,primary,main,log_return__IRR_USD,-0.0113634374245688
2026-05-11,W11,IRR_USD,primary,main,log_return__IRR_USD,0.0336826284642555
2026-05-12,W11,IRR_USD,primary,main,log_return__IRR_USD,-0.0083079651483419
2026-05-13,W11,IRR_USD,primary,main,log_return__IRR_USD,-0.0083775660790408
2026-05-14,W11,IRR_USD,primary,main,log_return__IRR_USD,0.0055465114251127
2026-05-15,W11,IRR_USD,primary,main,log_return__IRR_USD,
2026-05-16,W12,IRR_USD,primary,main,log_return__IRR_USD,-0.0027276033498981
2026-05-17,W12,IRR_USD,primary,main,log_return__IRR_USD,0.0110314597451814
2026-05-18,W12,IRR_USD,primary,main,log_return__IRR_USD,-0.0081371017188178
2026-05-19,W12,IRR_USD,primary,main,log_return__IRR_USD,-0.0084840875051508
2026-05-20,W12,IRR_USD,primary,main,log_return__IRR_USD,0.0084285057026196
2026-05-21,W12,IRR_USD,primary,main,log_return__IRR_USD,-0.0046240924757636
2026-05-22,W12,IRR_USD,primary,main,log_return__IRR_USD,
2026-05-23,W13,IRR_USD,primary,main,log_return__IRR_USD,-0.009312830280324
2026-05-24,W13,IRR_USD,primary,main,log_return__IRR_USD,-0.0432509179947739
2026-05-25,W13,IRR_USD,primary,main,log_return__IRR_USD,0.0232690389220842
2026-05-26,W13,IRR_USD,primary,main,log_return__IRR_USD,-0.0087205657901581
2026-05-27,W13,IRR_USD,primary,main,log_return__IRR_USD,0.0
2026-05-28,W13,IRR_USD,primary,main,log_return__IRR_USD,0.0121073834128893
2026-05-29,W13,IRR_USD,primary,main,log_return__IRR_USD,
2026-05-30,W14,IRR_USD,primary,main,log_return__IRR_USD,-0.023248097665343
2026-05-31,W14,IRR_USD,primary,main,log_return__IRR_USD,-2.932766332008896e-05
2026-06-01,W14,IRR_USD,primary,main,log_return__IRR_USD,0.0328588833678296
2026-06-02,W14,IRR_USD,primary,main,log_return__IRR_USD,-0.0094668514262394
2026-06-03,W14,IRR_USD,primary,main,log_return__IRR_USD,-0.0005731644565702
2026-06-04,W14,IRR_USD,primary,main,log_return__IRR_USD,0.0
2026-06-05,W14,IRR_USD,primary,main,log_return__IRR_USD,
2026-06-06,W15,IRR_USD,primary,main,log_return__IRR_USD,0.0032626456348161
2026-06-07,W15,IRR_USD,primary,main,log_return__IRR_USD,0.0171108990556856
2026-06-08,W15,IRR_USD,primary,main,log_return__IRR_USD,-0.0034326586138622
2026-06-09,W15,IRR_USD,primary,main,log_return__IRR_USD,-0.0119082779482901
2026-06-10,W15,IRR_USD,primary,main,log_return__IRR_USD,0.0181458301322727
2026-06-11,W15,IRR_USD,primary,main,log_return__IRR_USD,0.0093117291638318
2026-06-12,W15,IRR_USD,primary,main,log_return__IRR_USD,
2026-06-13,W16,IRR_USD,primary,main,log_return__IRR_USD,-0.0464037365649936
2026-06-14,W16,IRR_USD,primary,main,log_return__IRR_USD,-0.0046909457696564
2026-06-15,W16,IRR_USD,primary,main,log_return__IRR_USD,-0.0582946086382207
2026-06-16,W16,IRR_USD,primary,main,log_return__IRR_USD,-0.0411419433311763
2026-06-17,W16,IRR_USD,primary,main,log_return__IRR_USD,0.028618805305653
2026-06-18,W16,IRR_USD,primary,main,log_return__IRR_USD,-0.0189879122446914
2026-06-19,W16,IRR_USD,primary,main,log_return__IRR_USD,
2026-06-20,W17,IRR_USD,primary,main,log_return__IRR_USD,0.0271053467646584
2026-06-21,W17,IRR_USD,primary,main,log_return__IRR_USD,-0.0074906717291582
2026-06-22,W17,IRR_USD,primary,main,log_return__IRR_USD,-0.0100756519887408
2026-06-23,W17,IRR_USD,primary,main,log_return__IRR_USD,0.0219101096357441
2026-06-24,W17,IRR_USD,primary,main,log_return__IRR_USD,0.0
2026-06-25,W17,IRR_USD,primary,main,log_return__IRR_USD,0.0
2026-06-26,W17,IRR_USD,primary,main,log_return__IRR_USD,
2026-06-27,W18,IRR_USD,primary,main,log_return__IRR_USD,0.0323802712762031
2026-06-28,W18,IRR_USD,primary,main,log_return__IRR_USD,0.034612665657665
2026-06-29,W18,IRR_USD,primary,main,log_return__IRR_USD,-0.0104194894750335
2026-06-30,W18,IRR_USD,primary,main,log_return__IRR_USD,0.0093186463498682
2026-07-01,W18,IRR_USD,primary,main,log_return__IRR_USD,0.010380716054561
2026-07-02,W18,IRR_USD,primary,main,log_return__IRR_USD,0.0062626207344163
2026-07-03,W18,IRR_USD,primary,main,log_return__IRR_USD,
2026-07-04,W19,IRR_USD,primary,main,log_return__IRR_USD,0.0011681079406251
2026-07-05,W19,IRR_USD,primary,main,log_return__IRR_USD,0.0
2026-07-06,W19,IRR_USD,primary,main,log_return__IRR_USD,0.0005693139920346
2026-07-07,W19,IRR_USD,primary,main,log_return__IRR_USD,0.0055904908858064
2026-07-08,W19,IRR_USD,primary,main,log_return__IRR_USD,0.0196711117625909
2026-07-09,W19,IRR_USD,primary,main,log_return__IRR_USD,0.0078769944202345
2026-07-10,W19,IRR_USD,primary,main,log_return__IRR_USD,
2026-07-11,W20,IRR_USD,primary,main,log_return__IRR_USD,-0.0190100772249746
2026-07-12,W20,IRR_USD,primary,main,log_return__IRR_USD,0.0078256408313901
2026-07-13,W20,IRR_USD,primary,main,log_return__IRR_USD,0.0076819990354
2026-07-14,W20,IRR_USD,primary,main,log_return__IRR_USD,0.0171192501656172
2026-07-15,W20,IRR_USD,primary,main,log_return__IRR_USD,0.0219718220821629
2026-07-16,W20,IRR_USD,primary,main,log_return__IRR_USD,0.0021231430480792
2026-07-17,W20,IRR_USD,primary,main,log_return__IRR_USD,
2026-07-18,W21,IRR_USD,primary,main,log_return__IRR_USD,0.0308037928591424
2026-07-19,W21,IRR_USD,primary,main,log_return__IRR_USD,-0.0077419741536157
2026-07-20,W21,IRR_USD,primary,main,log_return__IRR_USD,-0.027845245312422
2026-07-21,W21,IRR_USD,primary,main,log_return__IRR_USD,0.0137568307096405
2026-07-22,W21,IRR_USD,primary,main,log_return__IRR_USD,0.0110007511178213
2026-02-28,W01,OIL_BRENT,primary,main,log_return__OIL_BRENT,
2026-03-01,W01,OIL_BRENT,primary,main,log_return__OIL_BRENT,
2026-03-02,W01,OIL_BRENT,primary,main,log_return__OIL_BRENT,
2026-03-03,W01,OIL_BRENT,primary,main,log_return__OIL_BRENT,0.0460053938090263
2026-03-04,W01,OIL_BRENT,primary,main,log_return__OIL_BRENT,0.0
2026-03-05,W01,OIL_BRENT,primary,main,log_return__OIL_BRENT,0.0480879410809409
2026-03-06,W01,OIL_BRENT,primary,main,log_return__OIL_BRENT,0.0817973853923428
2026-03-07,W02,OIL_BRENT,primary,main,log_return__OIL_BRENT,
2026-03-08,W02,OIL_BRENT,primary,main,log_return__OIL_BRENT,
2026-03-09,W02,OIL_BRENT,primary,main,log_return__OIL_BRENT,0.0654551006055239
2026-03-10,W02,OIL_BRENT,primary,main,log_return__OIL_BRENT,-0.1196541834336111
2026-03-11,W02,OIL_BRENT,primary,main,log_return__OIL_BRENT,0.0465096632089876
2026-03-12,W02,OIL_BRENT,primary,main,log_return__OIL_BRENT,0.088188430600427
2026-03-13,W02,OIL_BRENT,primary,main,log_return__OIL_BRENT,0.0263276534965664
2026-03-14,W03,OIL_BRENT,primary,main,log_return__OIL_BRENT,
2026-03-15,W03,OIL_BRENT,primary,main,log_return__OIL_BRENT,
2026-03-16,W03,OIL_BRENT,primary,main,log_return__OIL_BRENT,-0.0288193077709637
2026-03-17,W03,OIL_BRENT,primary,main,log_return__OIL_BRENT,0.0315303743288906
2026-03-18,W03,OIL_BRENT,primary,main,log_return__OIL_BRENT,0.0375755701532298
2026-03-19,W03,OIL_BRENT,primary,main,log_return__OIL_BRENT,0.0117578013301526
2026-03-20,W03,OIL_BRENT,primary,main,log_return__OIL_BRENT,0.0320621635718039
2026-03-21,W04,OIL_BRENT,primary,main,log_return__OIL_BRENT,
2026-03-22,W04,OIL_BRENT,primary,main,log_return__OIL_BRENT,
2026-03-23,W04,OIL_BRENT,primary,main,log_return__OIL_BRENT,-0.1156238539734486
2026-03-24,W04,OIL_BRENT,primary,main,log_return__OIL_BRENT,0.0445213222568883
2026-03-25,W04,OIL_BRENT,primary,main,log_return__OIL_BRENT,-0.0219639873196122
2026-03-26,W04,OIL_BRENT,primary,main,log_return__OIL_BRENT,0.0550964699264087
2026-03-27,W04,OIL_BRENT,primary,main,log_return__OIL_BRENT,0.0413514124472627
2026-03-28,W05,OIL_BRENT,primary,main,log_return__OIL_BRENT,
2026-03-29,W05,OIL_BRENT,primary,main,log_return__OIL_BRENT,
2026-03-30,W05,OIL_BRENT,primary,main,log_return__OIL_BRENT,0.001863759899555
2026-03-31,W05,OIL_BRENT,primary,main,log_return__OIL_BRENT,0.0482073155117772
2026-04-01,W05,OIL_BRENT,primary,main,log_return__OIL_BRENT,-0.156942865064134
2026-04-02,W05,OIL_BRENT,primary,main,log_return__OIL_BRENT,0.0749196045193363
2026-04-03,W05,OIL_BRENT,primary,main,log_return__OIL_BRENT,
2026-04-04,W06,OIL_BRENT,primary,main,log_return__OIL_BRENT,
2026-04-05,W06,OIL_BRENT,primary,main,log_return__OIL_BRENT,
2026-04-06,W06,OIL_BRENT,primary,main,log_return__OIL_BRENT,0.0067641745954434
2026-04-07,W06,OIL_BRENT,primary,main,log_return__OIL_BRENT,-0.0045653842565069
2026-04-08,W06,OIL_BRENT,primary,main,log_return__OIL_BRENT,-0.142580008898661
2026-04-09,W06,OIL_BRENT,primary,main,log_return__OIL_BRENT,0.0122726476673289
2026-04-10,W06,OIL_BRENT,primary,main,log_return__OIL_BRENT,-0.0075345818888248
2026-04-11,W07,OIL_BRENT,primary,main,log_return__OIL_BRENT,
2026-04-12,W07,OIL_BRENT,primary,main,log_return__OIL_BRENT,
2026-04-13,W07,OIL_BRENT,primary,main,log_return__OIL_BRENT,0.0427697145869583
2026-04-14,W07,OIL_BRENT,primary,main,log_return__OIL_BRENT,-0.0470856962045678
2026-04-15,W07,OIL_BRENT,primary,main,log_return__OIL_BRENT,0.0014758529850222
2026-04-16,W07,OIL_BRENT,primary,main,log_return__OIL_BRENT,0.0459117177304859
2026-04-17,W07,OIL_BRENT,primary,main,log_return__OIL_BRENT,-0.0950285252450733
2026-04-18,W08,OIL_BRENT,primary,main,log_return__OIL_BRENT,
2026-04-19,W08,OIL_BRENT,primary,main,log_return__OIL_BRENT,
2026-04-20,W08,OIL_BRENT,primary,main,log_return__OIL_BRENT,0.0548938630352635
2026-04-21,W08,OIL_BRENT,primary,main,log_return__OIL_BRENT,0.030936679334534
2026-04-22,W08,OIL_BRENT,primary,main,log_return__OIL_BRENT,0.0342365908116795
2026-04-23,W08,OIL_BRENT,primary,main,log_return__OIL_BRENT,0.0305366850208423
2026-04-24,W08,OIL_BRENT,primary,main,log_return__OIL_BRENT,0.0024715044362464
2026-04-25,W09,OIL_BRENT,primary,main,log_return__OIL_BRENT,
2026-04-26,W09,OIL_BRENT,primary,main,log_return__OIL_BRENT,
2026-04-27,W09,OIL_BRENT,primary,main,log_return__OIL_BRENT,0.0271603270912876
2026-04-28,W09,OIL_BRENT,primary,main,log_return__OIL_BRENT,0.0276112005237738
2026-04-29,W09,OIL_BRENT,primary,main,log_return__OIL_BRENT,0.0590689952511729
2026-04-30,W09,OIL_BRENT,primary,main,log_return__OIL_BRENT,-0.0346526365158172
2026-05-01,W09,OIL_BRENT,primary,main,log_return__OIL_BRENT,-0.0525821358682145
2026-05-02,W10,OIL_BRENT,primary,main,log_return__OIL_BRENT,
2026-05-03,W10,OIL_BRENT,primary,main,log_return__OIL_BRENT,
2026-05-04,W10,OIL_BRENT,primary,main,log_return__OIL_BRENT,0.0563466428007801
2026-05-05,W10,OIL_BRENT,primary,main,log_return__OIL_BRENT,-0.0407528158041534
2026-05-06,W10,OIL_BRENT,primary,main,log_return__OIL_BRENT,-0.0815076895154192
2026-05-07,W10,OIL_BRENT,primary,main,log_return__OIL_BRENT,-0.0120202025352051
2026-05-08,W10,OIL_BRENT,primary,main,log_return__OIL_BRENT,0.0122177170767443
2026-05-09,W11,OIL_BRENT,primary,main,log_return__OIL_BRENT,
2026-05-10,W11,OIL_BRENT,primary,main,log_return__OIL_BRENT,
2026-05-11,W11,OIL_BRENT,primary,main,log_return__OIL_BRENT,0.0284203864815477
2026-05-12,W11,OIL_BRENT,primary,main,log_return__OIL_BRENT,0.0335912102407576
2026-05-13,W11,OIL_BRENT,primary,main,log_return__OIL_BRENT,-0.0200568996265273
2026-05-14,W11,OIL_BRENT,primary,main,log_return__OIL_BRENT,0.0008517054494978
2026-05-15,W11,OIL_BRENT,primary,main,log_return__OIL_BRENT,0.0329362812367222
2026-05-16,W12,OIL_BRENT,primary,main,log_return__OIL_BRENT,
2026-05-17,W12,OIL_BRENT,primary,main,log_return__OIL_BRENT,
2026-05-18,W12,OIL_BRENT,primary,main,log_return__OIL_BRENT,0.0256609339469706
2026-05-19,W12,OIL_BRENT,primary,main,log_return__OIL_BRENT,-0.0073417798208161
2026-05-20,W12,OIL_BRENT,primary,main,log_return__OIL_BRENT,-0.0578987604005281
2026-05-21,W12,OIL_BRENT,primary,main,log_return__OIL_BRENT,-0.023507776433866
2026-05-22,W12,OIL_BRENT,primary,main,log_return__OIL_BRENT,0.0093150205048742
2026-05-23,W13,OIL_BRENT,primary,main,log_return__OIL_BRENT,
2026-05-24,W13,OIL_BRENT,primary,main,log_return__OIL_BRENT,
2026-05-25,W13,OIL_BRENT,primary,main,log_return__OIL_BRENT,
2026-05-26,W13,OIL_BRENT,primary,main,log_return__OIL_BRENT,-0.0389966607142007
2026-05-27,W13,OIL_BRENT,primary,main,log_return__OIL_BRENT,-0.0545862104145289
2026-05-28,W13,OIL_BRENT,primary,main,log_return__OIL_BRENT,-0.0061702518213442
2026-05-29,W13,OIL_BRENT,primary,main,log_return__OIL_BRENT,-0.0178729565335897
2026-05-30,W14,OIL_BRENT,primary,main,log_return__OIL_BRENT,
2026-05-31,W14,OIL_BRENT,primary,main,log_return__OIL_BRENT,
2026-06-01,W14,OIL_BRENT,primary,main,log_return__OIL_BRENT,0.0313344376322097
2026-06-02,W14,OIL_BRENT,primary,main,log_return__OIL_BRENT,0.010681813003277
2026-06-03,W14,OIL_BRENT,primary,main,log_return__OIL_BRENT,0.0186786048738634
2026-06-04,W14,OIL_BRENT,primary,main,log_return__OIL_BRENT,-0.028834177963926
2026-06-05,W14,OIL_BRENT,primary,main,log_return__OIL_BRENT,-0.0206258905888256
2026-06-06,W15,OIL_BRENT,primary,main,log_return__OIL_BRENT,
2026-06-07,W15,OIL_BRENT,primary,main,log_return__OIL_BRENT,
2026-06-08,W15,OIL_BRENT,primary,main,log_return__OIL_BRENT,0.0123840985391723
2026-06-09,W15,OIL_BRENT,primary,main,log_return__OIL_BRENT,-0.0301584848620253
2026-06-10,W15,OIL_BRENT,primary,main,log_return__OIL_BRENT,0.0178818264272493
2026-06-11,W15,OIL_BRENT,primary,main,log_return__OIL_BRENT,-0.029651194299479
2026-06-12,W15,OIL_BRENT,primary,main,log_return__OIL_BRENT,-0.0343289062011482
2026-06-13,W16,OIL_BRENT,primary,main,log_return__OIL_BRENT,
2026-06-14,W16,OIL_BRENT,primary,main,log_return__OIL_BRENT,
2026-06-15,W16,OIL_BRENT,primary,main,log_return__OIL_BRENT,-0.0488073835279285
2026-06-16,W16,OIL_BRENT,primary,main,log_return__OIL_BRENT,-0.0519453003343866
2026-06-17,W16,OIL_BRENT,primary,main,log_return__OIL_BRENT,0.0074444096161565
2026-06-18,W16,OIL_BRENT,primary,main,log_return__OIL_BRENT,0.0037640624051471
2026-06-19,W16,OIL_BRENT,primary,main,log_return__OIL_BRENT,
2026-06-20,W17,OIL_BRENT,primary,main,log_return__OIL_BRENT,
2026-06-21,W17,OIL_BRENT,primary,main,log_return__OIL_BRENT,
2026-06-22,W17,OIL_BRENT,primary,main,log_return__OIL_BRENT,-0.0247238830873408
2026-06-23,W17,OIL_BRENT,primary,main,log_return__OIL_BRENT,-0.0105821051629488
2026-06-24,W17,OIL_BRENT,primary,main,log_return__OIL_BRENT,-0.0442985034651828
2026-06-25,W17,OIL_BRENT,primary,main,log_return__OIL_BRENT,0.020403449713731
2026-06-26,W17,OIL_BRENT,primary,main,log_return__OIL_BRENT,-0.0444216227427416
2026-06-27,W18,OIL_BRENT,primary,main,log_return__OIL_BRENT,
2026-06-28,W18,OIL_BRENT,primary,main,log_return__OIL_BRENT,
2026-06-29,W18,OIL_BRENT,primary,main,log_return__OIL_BRENT,0.0159849575184996
2026-06-30,W18,OIL_BRENT,primary,main,log_return__OIL_BRENT,-0.0031492236257193
2026-07-01,W18,OIL_BRENT,primary,main,log_return__OIL_BRENT,-0.0186869372135145
2026-07-02,W18,OIL_BRENT,primary,main,log_return__OIL_BRENT,0.0032085310712801
2026-07-03,W18,OIL_BRENT,primary,main,log_return__OIL_BRENT,
2026-07-04,W19,OIL_BRENT,primary,main,log_return__OIL_BRENT,
2026-07-05,W19,OIL_BRENT,primary,main,log_return__OIL_BRENT,
2026-07-06,W19,OIL_BRENT,primary,main,log_return__OIL_BRENT,0.0026426722494541
2026-07-07,W19,OIL_BRENT,primary,main,log_return__OIL_BRENT,0.0296977798315705
2026-07-08,W19,OIL_BRENT,primary,main,log_return__OIL_BRENT,0.0507401904131388
2026-07-09,W19,OIL_BRENT,primary,main,log_return__OIL_BRENT,-0.0222921827646951
2026-07-10,W19,OIL_BRENT,primary,main,log_return__OIL_BRENT,-0.0038080396046904
2026-07-11,W20,OIL_BRENT,primary,main,log_return__OIL_BRENT,
2026-07-12,W20,OIL_BRENT,primary,main,log_return__OIL_BRENT,
2026-07-13,W20,OIL_BRENT,primary,main,log_return__OIL_BRENT,0.091583647125998
2026-07-14,W20,OIL_BRENT,primary,main,log_return__OIL_BRENT,0.0170211840210132
2026-07-15,W20,OIL_BRENT,primary,main,log_return__OIL_BRENT,0.0025930423642179
2026-07-16,W20,OIL_BRENT,primary,main,log_return__OIL_BRENT,-0.0085116200121335
2026-07-17,W20,OIL_BRENT,primary,main,log_return__OIL_BRENT,0.0449213234406409
2026-07-18,W21,OIL_BRENT,primary,main,log_return__OIL_BRENT,
2026-07-19,W21,OIL_BRENT,primary,main,log_return__OIL_BRENT,
2026-07-20,W21,OIL_BRENT,primary,main,log_return__OIL_BRENT,0.0126327277597813
2026-07-21,W21,OIL_BRENT,primary,main,log_return__OIL_BRENT,0.0198641706796811
2026-07-22,W21,OIL_BRENT,primary,main,log_return__OIL_BRENT,0.0330697686779801
2026-02-28,W01,OIL_WTI,secondary,sensitivity,log_return__OIL_WTI,
2026-03-01,W01,OIL_WTI,secondary,sensitivity,log_return__OIL_WTI,
2026-03-02,W01,OIL_WTI,secondary,sensitivity,log_return__OIL_WTI,
2026-03-03,W01,OIL_WTI,secondary,sensitivity,log_return__OIL_WTI,0.0456900125148047
2026-03-04,W01,OIL_WTI,secondary,sensitivity,log_return__OIL_WTI,0.0013403849037709
2026-03-05,W01,OIL_WTI,secondary,sensitivity,log_return__OIL_WTI,0.0816281076754359
2026-03-06,W01,OIL_WTI,secondary,sensitivity,log_return__OIL_WTI,0.1151873877574196
2026-03-07,W02,OIL_WTI,secondary,sensitivity,log_return__OIL_WTI,
2026-03-08,W02,OIL_WTI,secondary,sensitivity,log_return__OIL_WTI,
2026-03-09,W02,OIL_WTI,secondary,sensitivity,log_return__OIL_WTI,0.0416928500904223
2026-03-10,W02,OIL_WTI,secondary,sensitivity,log_return__OIL_WTI,-0.1272052545222539
2026-03-11,W02,OIL_WTI,secondary,sensitivity,log_return__OIL_WTI,0.0445299475445883
2026-03-12,W02,OIL_WTI,secondary,sensitivity,log_return__OIL_WTI,0.0927542029424079
2026-03-13,W02,OIL_WTI,secondary,sensitivity,log_return__OIL_WTI,0.0306544851299328
2026-03-14,W03,OIL_WTI,secondary,sensitivity,log_return__OIL_WTI,
2026-03-15,W03,OIL_WTI,secondary,sensitivity,log_return__OIL_WTI,
2026-03-16,W03,OIL_WTI,secondary,sensitivity,log_return__OIL_WTI,-0.0542248128602356
2026-03-17,W03,OIL_WTI,secondary,sensitivity,log_return__OIL_WTI,0.0285718565626043
2026-03-18,W03,OIL_WTI,secondary,sensitivity,log_return__OIL_WTI,0.0011426855349121
2026-03-19,W03,OIL_WTI,secondary,sensitivity,log_return__OIL_WTI,-0.0018705222749133
2026-03-20,W03,OIL_WTI,secondary,sensitivity,log_return__OIL_WTI,0.0224220060366313
2026-03-21,W04,OIL_WTI,secondary,sensitivity,log_return__OIL_WTI,
2026-03-22,W04,OIL_WTI,secondary,sensitivity,log_return__OIL_WTI,
2026-03-23,W04,OIL_WTI,secondary,sensitivity,log_return__OIL_WTI,-0.1094144962074272
2026-03-24,W04,OIL_WTI,secondary,sensitivity,log_return__OIL_WTI,0.0467727241760185
2026-03-25,W04,OIL_WTI,secondary,sensitivity,log_return__OIL_WTI,-0.0222267736598889
2026-03-26,W04,OIL_WTI,secondary,sensitivity,log_return__OIL_WTI,0.0450292909571548
2026-03-27,W04,OIL_WTI,secondary,sensitivity,log_return__OIL_WTI,0.0531754768486791
2026-03-28,W05,OIL_WTI,secondary,sensitivity,log_return__OIL_WTI,
2026-03-29,W05,OIL_WTI,secondary,sensitivity,log_return__OIL_WTI,
2026-03-30,W05,OIL_WTI,secondary,sensitivity,log_return__OIL_WTI,0.0319995495239489
2026-03-31,W05,OIL_WTI,secondary,sensitivity,log_return__OIL_WTI,-0.0146874278401094
2026-04-01,W05,OIL_WTI,secondary,sensitivity,log_return__OIL_WTI,-0.0125063119557777
2026-04-02,W05,OIL_WTI,secondary,sensitivity,log_return__OIL_WTI,0.1080137851729965
2026-04-03,W05,OIL_WTI,secondary,sensitivity,log_return__OIL_WTI,
2026-04-04,W06,OIL_WTI,secondary,sensitivity,log_return__OIL_WTI,
2026-04-05,W06,OIL_WTI,secondary,sensitivity,log_return__OIL_WTI,
2026-04-06,W06,OIL_WTI,secondary,sensitivity,log_return__OIL_WTI,0.0077696548823809
2026-04-07,W06,OIL_WTI,secondary,sensitivity,log_return__OIL_WTI,0.0047922818434988
2026-04-08,W06,OIL_WTI,secondary,sensitivity,log_return__OIL_WTI,-0.1792981773615034
2026-04-09,W06,OIL_WTI,secondary,sensitivity,log_return__OIL_WTI,0.0359930569674551
2026-04-10,W06,OIL_WTI,secondary,sensitivity,log_return__OIL_WTI,-0.0133719646826264
2026-04-11,W07,OIL_WTI,secondary,sensitivity,log_return__OIL_WTI,
2026-04-12,W07,OIL_WTI,secondary,sensitivity,log_return__OIL_WTI,
2026-04-13,W07,OIL_WTI,secondary,sensitivity,log_return__OIL_WTI,0.0256594922830508
2026-04-14,W07,OIL_WTI,secondary,sensitivity,log_return__OIL_WTI,-0.081995930921078
2026-04-15,W07,OIL_WTI,secondary,sensitivity,log_return__OIL_WTI,0.0001095704251214
2026-04-16,W07,OIL_WTI,secondary,sensitivity,log_return__OIL_WTI,0.036567161172786
2026-04-17,W07,OIL_WTI,secondary,sensitivity,log_return__OIL_WTI,-0.1215789537070595
2026-04-18,W08,OIL_WTI,secondary,sensitivity,log_return__OIL_WTI,
2026-04-19,W08,OIL_WTI,secondary,sensitivity,log_return__OIL_WTI,
2026-04-20,W08,OIL_WTI,secondary,sensitivity,log_return__OIL_WTI,0.066437457635831
2026-04-21,W08,OIL_WTI,secondary,sensitivity,log_return__OIL_WTI,0.0277336656014863
2026-04-22,W08,OIL_WTI,secondary,sensitivity,log_return__OIL_WTI,0.0089686899461716
2026-04-23,W08,OIL_WTI,secondary,sensitivity,log_return__OIL_WTI,0.0306151703172217
2026-04-24,W08,OIL_WTI,secondary,sensitivity,log_return__OIL_WTI,-0.015243364256781
2026-04-25,W09,OIL_WTI,secondary,sensitivity,log_return__OIL_WTI,
2026-04-26,W09,OIL_WTI,secondary,sensitivity,log_return__OIL_WTI,
2026-04-27,W09,OIL_WTI,secondary,sensitivity,log_return__OIL_WTI,0.0206538890481535
2026-04-28,W09,OIL_WTI,secondary,sensitivity,log_return__OIL_WTI,0.0362749655640142
2026-04-29,W09,OIL_WTI,secondary,sensitivity,log_return__OIL_WTI,0.0672367401629303
2026-04-30,W09,OIL_WTI,secondary,sensitivity,log_return__OIL_WTI,-0.0170798922943395
2026-05-01,W09,OIL_WTI,secondary,sensitivity,log_return__OIL_WTI,-0.030242362934846
2026-05-02,W10,OIL_WTI,secondary,sensitivity,log_return__OIL_WTI,
2026-05-03,W10,OIL_WTI,secondary,sensitivity,log_return__OIL_WTI,
2026-05-04,W10,OIL_WTI,secondary,sensitivity,log_return__OIL_WTI,0.0430090831009586
2026-05-05,W10,OIL_WTI,secondary,sensitivity,log_return__OIL_WTI,-0.0397771699686018
2026-05-06,W10,OIL_WTI,secondary,sensitivity,log_return__OIL_WTI,-0.0728976802436598
2026-05-07,W10,OIL_WTI,secondary,sensitivity,log_return__OIL_WTI,-0.0028437985706819
2026-05-08,W10,OIL_WTI,secondary,sensitivity,log_return__OIL_WTI,0.0064133177191845
2026-05-09,W11,OIL_WTI,secondary,sensitivity,log_return__OIL_WTI,
2026-05-10,W11,OIL_WTI,secondary,sensitivity,log_return__OIL_WTI,
2026-05-11,W11,OIL_WTI,secondary,sensitivity,log_return__OIL_WTI,0.0273933253938754
2026-05-12,W11,OIL_WTI,secondary,sensitivity,log_return__OIL_WTI,0.0410544605968876
2026-05-13,W11,OIL_WTI,secondary,sensitivity,log_return__OIL_WTI,-0.0114174830797812
2026-05-14,W11,OIL_WTI,secondary,sensitivity,log_return__OIL_WTI,0.0014837683094883
2026-05-15,W11,OIL_WTI,secondary,sensitivity,log_return__OIL_WTI,0.0411501019389133
2026-05-16,W12,OIL_WTI,secondary,sensitivity,log_return__OIL_WTI,
2026-05-17,W12,OIL_WTI,secondary,sensitivity,log_return__OIL_WTI,
2026-05-18,W12,OIL_WTI,secondary,sensitivity,log_return__OIL_WTI,0.0302714207679155
2026-05-19,W12,OIL_WTI,secondary,sensitivity,log_return__OIL_WTI,-0.0082244793661514
2026-05-20,W12,OIL_WTI,secondary,sensitivity,log_return__OIL_WTI,-0.0923822469785928
2026-05-21,W12,OIL_WTI,secondary,sensitivity,log_return__OIL_WTI,-0.0196296694575508
2026-05-22,W12,OIL_WTI,secondary,sensitivity,log_return__OIL_WTI,0.0025913463990825
2026-05-23,W13,OIL_WTI,secondary,sensitivity,log_return__OIL_WTI,
2026-05-24,W13,OIL_WTI,secondary,sensitivity,log_return__OIL_WTI,
2026-05-25,W13,OIL_WTI,secondary,sensitivity,log_return__OIL_WTI,
2026-05-26,W13,OIL_WTI,secondary,sensitivity,log_return__OIL_WTI,-0.0284548476528776
2026-05-27,W13,OIL_WTI,secondary,sensitivity,log_return__OIL_WTI,-0.0570894895803215
2026-05-28,W13,OIL_WTI,secondary,sensitivity,log_return__OIL_WTI,0.0024777714944255
2026-05-29,W13,OIL_WTI,secondary,sensitivity,log_return__OIL_WTI,-0.0174746407006312
2026-05-30,W14,OIL_WTI,secondary,sensitivity,log_return__OIL_WTI,
2026-05-31,W14,OIL_WTI,secondary,sensitivity,log_return__OIL_WTI,
2026-06-01,W14,OIL_WTI,secondary,sensitivity,log_return__OIL_WTI,0.053488717700791
2026-06-02,W14,OIL_WTI,secondary,sensitivity,log_return__OIL_WTI,0.0172121119287194
2026-06-03,W14,OIL_WTI,secondary,sensitivity,log_return__OIL_WTI,0.023818119529289
2026-06-04,W14,OIL_WTI,secondary,sensitivity,log_return__OIL_WTI,-0.0315269500914618
2026-06-05,W14,OIL_WTI,secondary,sensitivity,log_return__OIL_WTI,-0.0272377659308897
2026-06-06,W15,OIL_WTI,secondary,sensitivity,log_return__OIL_WTI,
2026-06-07,W15,OIL_WTI,secondary,sensitivity,log_return__OIL_WTI,
2026-06-08,W15,OIL_WTI,secondary,sensitivity,log_return__OIL_WTI,0.0083590689068611
2026-06-09,W15,OIL_WTI,secondary,sensitivity,log_return__OIL_WTI,-0.034543892614212
2026-06-10,W15,OIL_WTI,secondary,sensitivity,log_return__OIL_WTI,0.0205360061492205
2026-06-11,W15,OIL_WTI,secondary,sensitivity,log_return__OIL_WTI,-0.0261070270363648
2026-06-12,W15,OIL_WTI,secondary,sensitivity,log_return__OIL_WTI,-0.0327974455778568
2026-06-13,W16,OIL_WTI,secondary,sensitivity,log_return__OIL_WTI,
2026-06-14,W16,OIL_WTI,secondary,sensitivity,log_return__OIL_WTI,
2026-06-15,W16,OIL_WTI,secondary,sensitivity,log_return__OIL_WTI,-0.0498804998445496
2026-06-16,W16,OIL_WTI,secondary,sensitivity,log_return__OIL_WTI,-0.0599669032691565
2026-06-17,W16,OIL_WTI,secondary,sensitivity,log_return__OIL_WTI,0.0096833764313242
2026-06-18,W16,OIL_WTI,secondary,sensitivity,log_return__OIL_WTI,-0.0024773784384777
2026-06-19,W16,OIL_WTI,secondary,sensitivity,log_return__OIL_WTI,
2026-06-20,W17,OIL_WTI,secondary,sensitivity,log_return__OIL_WTI,
2026-06-21,W17,OIL_WTI,secondary,sensitivity,log_return__OIL_WTI,
2026-06-22,W17,OIL_WTI,secondary,sensitivity,log_return__OIL_WTI,-0.0235118319852549
2026-06-23,W17,OIL_WTI,secondary,sensitivity,log_return__OIL_WTI,-0.0217532136881448
2026-06-24,W17,OIL_WTI,secondary,sensitivity,log_return__OIL_WTI,-0.0399914361701911
2026-06-25,W17,OIL_WTI,secondary,sensitivity,log_return__OIL_WTI,0.0222137897208964
2026-06-26,W17,OIL_WTI,secondary,sensitivity,log_return__OIL_WTI,-0.0381200215242483
2026-06-27,W18,OIL_WTI,secondary,sensitivity,log_return__OIL_WTI,
2026-06-28,W18,OIL_WTI,secondary,sensitivity,log_return__OIL_WTI,
2026-06-29,W18,OIL_WTI,secondary,sensitivity,log_return__OIL_WTI,0.0217181933438341
2026-06-30,W18,OIL_WTI,secondary,sensitivity,log_return__OIL_WTI,-0.0178257839526008
2026-07-01,W18,OIL_WTI,secondary,sensitivity,log_return__OIL_WTI,-0.0133257788364291
2026-07-02,W18,OIL_WTI,secondary,sensitivity,log_return__OIL_WTI,0.001602690033855
2026-07-03,W18,OIL_WTI,secondary,sensitivity,log_return__OIL_WTI,
2026-07-04,W19,OIL_WTI,secondary,sensitivity,log_return__OIL_WTI,
2026-07-05,W19,OIL_WTI,secondary,sensitivity,log_return__OIL_WTI,
2026-07-06,W19,OIL_WTI,secondary,sensitivity,log_return__OIL_WTI,-0.0020402132411359
2026-07-07,W19,OIL_WTI,secondary,sensitivity,log_return__OIL_WTI,0.0271978677603419
2026-07-08,W19,OIL_WTI,secondary,sensitivity,log_return__OIL_WTI,0.0427961140999109
2026-07-09,W19,OIL_WTI,secondary,sensitivity,log_return__OIL_WTI,-0.0197807936841174
2026-07-10,W19,OIL_WTI,secondary,sensitivity,log_return__OIL_WTI,-0.0093386718592896
2026-07-11,W20,OIL_WTI,secondary,sensitivity,log_return__OIL_WTI,
2026-07-12,W20,OIL_WTI,secondary,sensitivity,log_return__OIL_WTI,
2026-07-13,W20,OIL_WTI,secondary,sensitivity,log_return__OIL_WTI,0.0900641149720424
2026-07-14,W20,OIL_WTI,secondary,sensitivity,log_return__OIL_WTI,0.0152402871130945
2026-07-15,W20,OIL_WTI,secondary,sensitivity,log_return__OIL_WTI,0.0032717047519854
2026-07-16,W20,OIL_WTI,secondary,sensitivity,log_return__OIL_WTI,-0.0081993716336645
2026-07-17,W20,OIL_WTI,secondary,sensitivity,log_return__OIL_WTI,0.0438623459284581
2026-07-18,W21,OIL_WTI,secondary,sensitivity,log_return__OIL_WTI,
2026-07-19,W21,OIL_WTI,secondary,sensitivity,log_return__OIL_WTI,
2026-07-20,W21,OIL_WTI,secondary,sensitivity,log_return__OIL_WTI,0.0089308521154212
2026-07-21,W21,OIL_WTI,secondary,sensitivity,log_return__OIL_WTI,0.0199840150493582
2026-07-22,W21,OIL_WTI,secondary,sensitivity,log_return__OIL_WTI,0.0223602900197876
2026-02-28,W01,SP500,secondary,context,log_return__SP500,
2026-03-01,W01,SP500,secondary,context,log_return__SP500,
2026-03-02,W01,SP500,secondary,context,log_return__SP500,
2026-03-03,W01,SP500,secondary,context,log_return__SP500,-0.0094889087313116
2026-03-04,W01,SP500,secondary,context,log_return__SP500,0.0077261257401488
2026-03-05,W01,SP500,secondary,context,log_return__SP500,-0.0056627077727036
2026-03-06,W01,SP500,secondary,context,log_return__SP500,-0.0133657204324961
2026-03-07,W02,SP500,secondary,context,log_return__SP500,
2026-03-08,W02,SP500,secondary,context,log_return__SP500,
2026-03-09,W02,SP500,secondary,context,log_return__SP500,0.008269871665389
2026-03-10,W02,SP500,secondary,context,log_return__SP500,-0.0021374025058875
2026-03-11,W02,SP500,secondary,context,log_return__SP500,-0.0008379521856358
2026-03-12,W02,SP500,secondary,context,log_return__SP500,-0.0153448081894929
2026-03-13,W02,SP500,secondary,context,log_return__SP500,-0.0060775463985027
2026-03-14,W03,SP500,secondary,context,log_return__SP500,
2026-03-15,W03,SP500,secondary,context,log_return__SP500,
2026-03-16,W03,SP500,secondary,context,log_return__SP500,0.0100799097468193
2026-03-17,W03,SP500,secondary,context,log_return__SP500,0.0024911493849533
2026-03-18,W03,SP500,secondary,context,log_return__SP500,-0.0137009993837313
2026-03-19,W03,SP500,secondary,context,log_return__SP500,-0.0027525826238985
2026-03-20,W03,SP500,secondary,context,log_return__SP500,-0.0152539343077702
2026-03-21,W04,SP500,secondary,context,log_return__SP500,
2026-03-22,W04,SP500,secondary,context,log_return__SP500,
2026-03-23,W04,SP500,secondary,context,log_return__SP500,0.0113881090950727
2026-03-24,W04,SP500,secondary,context,log_return__SP500,-0.00374959545932
2026-03-25,W04,SP500,secondary,context,log_return__SP500,0.0054044937599488
2026-03-26,W04,SP500,secondary,context,log_return__SP500,-0.0175594409612092
2026-03-27,W04,SP500,secondary,context,log_return__SP500,-0.0168632319460506
2026-03-28,W05,SP500,secondary,context,log_return__SP500,
2026-03-29,W05,SP500,secondary,context,log_return__SP500,
2026-03-30,W05,SP500,secondary,context,log_return__SP500,-0.003953553833357
2026-03-31,W05,SP500,secondary,context,log_return__SP500,0.0287148933098002
2026-04-01,W05,SP500,secondary,context,log_return__SP500,0.0071429450037587
2026-04-02,W05,SP500,secondary,context,log_return__SP500,0.0011202481362371
2026-04-03,W05,SP500,secondary,context,log_return__SP500,
2026-04-04,W06,SP500,secondary,context,log_return__SP500,
2026-04-05,W06,SP500,secondary,context,log_return__SP500,
2026-04-06,W06,SP500,secondary,context,log_return__SP500,0.0044170131316043
2026-04-07,W06,SP500,secondary,context,log_return__SP500,0.0007589600331279
2026-04-08,W06,SP500,secondary,context,log_return__SP500,0.0247720383571845
2026-04-09,W06,SP500,secondary,context,log_return__SP500,0.0061510668695135
2026-04-10,W06,SP500,secondary,context,log_return__SP500,-0.0011391696991402
2026-04-11,W07,SP500,secondary,context,log_return__SP500,
2026-04-12,W07,SP500,secondary,context,log_return__SP500,
2026-04-13,W07,SP500,secondary,context,log_return__SP500,0.0101218754937413
2026-04-14,W07,SP500,secondary,context,log_return__SP500,0.0117139889161439
2026-04-15,W07,SP500,secondary,context,log_return__SP500,0.0079441449115655
2026-04-16,W07,SP500,secondary,context,log_return__SP500,0.0026065558152854
2026-04-17,W07,SP500,secondary,context,log_return__SP500,0.011968553928737
2026-04-18,W08,SP500,secondary,context,log_return__SP500,
2026-04-19,W08,SP500,secondary,context,log_return__SP500,
2026-04-20,W08,SP500,secondary,context,log_return__SP500,-0.0023771959102507
2026-04-21,W08,SP500,secondary,context,log_return__SP500,-0.006368453580853
2026-04-22,W08,SP500,secondary,context,log_return__SP500,0.0104057560115364
2026-04-23,W08,SP500,secondary,context,log_return__SP500,-0.0041414321709396
2026-04-24,W08,SP500,secondary,context,log_return__SP500,0.0079420679176323
2026-04-25,W09,SP500,secondary,context,log_return__SP500,
2026-04-26,W09,SP500,secondary,context,log_return__SP500,
2026-04-27,W09,SP500,secondary,context,log_return__SP500,0.0012316180005509
2026-04-28,W09,SP500,secondary,context,log_return__SP500,-0.0049061878687961
2026-04-29,W09,SP500,secondary,context,log_return__SP500,-0.0003992517435129
2026-04-30,W09,SP500,secondary,context,log_return__SP500,0.0101861841681056
2026-05-01,W09,SP500,secondary,context,log_return__SP500,0.0029240496865217
2026-05-02,W10,SP500,secondary,context,log_return__SP500,
2026-05-03,W10,SP500,secondary,context,log_return__SP500,
2026-05-04,W10,SP500,secondary,context,log_return__SP500,-0.0040704624878422
2026-05-05,W10,SP500,secondary,context,log_return__SP500,0.0080872273805763
2026-05-06,W10,SP500,secondary,context,log_return__SP500,0.0144829443277458
2026-05-07,W10,SP500,secondary,context,log_return__SP500,-0.0038103454826785
2026-05-08,W10,SP500,secondary,context,log_return__SP500,0.0083904054290329
2026-05-09,W11,SP500,secondary,context,log_return__SP500,
2026-05-10,W11,SP500,secondary,context,log_return__SP500,
2026-05-11,W11,SP500,secondary,context,log_return__SP500,0.0018781917406744
2026-05-12,W11,SP500,secondary,context,log_return__SP500,-0.0016038944114082
2026-05-13,W11,SP500,secondary,context,log_return__SP500,0.0058322060629958
2026-05-14,W11,SP500,secondary,context,log_return__SP500,0.0076264491437392
2026-05-15,W11,SP500,secondary,context,log_return__SP500,-0.0124403817877301
2026-05-16,W12,SP500,secondary,context,log_return__SP500,
2026-05-17,W12,SP500,secondary,context,log_return__SP500,
2026-05-18,W12,SP500,secondary,context,log_return__SP500,-0.000735938592566
2026-05-19,W12,SP500,secondary,context,log_return__SP500,-0.0067007205566707
2026-05-20,W12,SP500,secondary,context,log_return__SP500,0.0107342080663261
2026-05-21,W12,SP500,secondary,context,log_return__SP500,0.001713860931666
2026-05-22,W12,SP500,secondary,context,log_return__SP500,0.0037200452843411
2026-05-23,W13,SP500,secondary,context,log_return__SP500,
2026-05-24,W13,SP500,secondary,context,log_return__SP500,
2026-05-25,W13,SP500,secondary,context,log_return__SP500,
2026-05-26,W13,SP500,secondary,context,log_return__SP500,0.0060896806231465
2026-05-27,W13,SP500,secondary,context,log_return__SP500,0.0001648655536197
2026-05-28,W13,SP500,secondary,context,log_return__SP500,0.0057372272122169
2026-05-29,W13,SP500,secondary,context,log_return__SP500,0.0021699047314864
2026-05-30,W14,SP500,secondary,context,log_return__SP500,
2026-05-31,W14,SP500,secondary,context,log_return__SP500,
2026-06-01,W14,SP500,secondary,context,log_return__SP500,0.0026218560604913
2026-06-02,W14,SP500,secondary,context,log_return__SP500,0.0012912549125889
2026-06-03,W14,SP500,secondary,context,log_return__SP500,-0.0073993488920685
2026-06-04,W14,SP500,secondary,context,log_return__SP500,0.0040467623691871
2026-06-05,W14,SP500,secondary,context,log_return__SP500,-0.0268013303153598
2026-06-06,W15,SP500,secondary,context,log_return__SP500,
2026-06-07,W15,SP500,secondary,context,log_return__SP500,
2026-06-08,W15,SP500,secondary,context,log_return__SP500,0.0029737052076601
2026-06-09,W15,SP500,secondary,context,log_return__SP500,-0.0025797185926208
2026-06-10,W15,SP500,secondary,context,log_return__SP500,-0.016332095868206
2026-06-11,W15,SP500,secondary,context,log_return__SP500,0.0173671989134636
2026-06-12,W15,SP500,secondary,context,log_return__SP500,0.0050129281271615
2026-06-13,W16,SP500,secondary,context,log_return__SP500,
2026-06-14,W16,SP500,secondary,context,log_return__SP500,
2026-06-15,W16,SP500,secondary,context,log_return__SP500,0.0163932841385818
2026-06-16,W16,SP500,secondary,context,log_return__SP500,-0.0057003960392734
2026-06-17,W16,SP500,secondary,context,log_return__SP500,-0.0122226756033594
2026-06-18,W16,SP500,secondary,context,log_return__SP500,0.010787813962926
2026-06-19,W16,SP500,secondary,context,log_return__SP500,
2026-06-20,W17,SP500,secondary,context,log_return__SP500,
2026-06-21,W17,SP500,secondary,context,log_return__SP500,
2026-06-22,W17,SP500,secondary,context,log_return__SP500,-0.0037119326849772
2026-06-23,W17,SP500,secondary,context,log_return__SP500,-0.0144669283860974
2026-06-24,W17,SP500,secondary,context,log_return__SP500,-0.0009834153677328
2026-06-25,W17,SP500,secondary,context,log_return__SP500,-9.921104004639858e-05
2026-06-26,W17,SP500,secondary,context,log_return__SP500,-0.0004717686829192
2026-06-27,W18,SP500,secondary,context,log_return__SP500,
2026-06-28,W18,SP500,secondary,context,log_return__SP500,
2026-06-29,W18,SP500,secondary,context,log_return__SP500,0.0116815613593459
2026-06-30,W18,SP500,secondary,context,log_return__SP500,0.0078889988381476
2026-07-01,W18,SP500,secondary,context,log_return__SP500,-0.002153150985551
2026-07-02,W18,SP500,secondary,context,log_return__SP500,1.3702504482182576e-06
2026-07-03,W18,SP500,secondary,context,log_return__SP500,
2026-07-04,W19,SP500,secondary,context,log_return__SP500,
2026-07-05,W19,SP500,secondary,context,log_return__SP500,
2026-07-06,W19,SP500,secondary,context,log_return__SP500,0.0072154138304441
2026-07-07,W19,SP500,secondary,context,log_return__SP500,-0.0044650632531855
2026-07-08,W19,SP500,secondary,context,log_return__SP500,-0.0028212145626138
2026-07-09,W19,SP500,secondary,context,log_return__SP500,0.0081098216571575
2026-07-10,W19,SP500,secondary,context,log_return__SP500,0.0042000109925712
2026-07-11,W20,SP500,secondary,context,log_return__SP500,
2026-07-12,W20,SP500,secondary,context,log_return__SP500,
2026-07-13,W20,SP500,secondary,context,log_return__SP500,-0.0079586090280425
2026-07-14,W20,SP500,secondary,context,log_return__SP500,0.0037519310768825
2026-07-15,W20,SP500,secondary,context,log_return__SP500,0.003811869942055
2026-07-16,W20,SP500,secondary,context,log_return__SP500,-0.0051144621327665
2026-07-17,W20,SP500,secondary,context,log_return__SP500,-0.0101498761921128
2026-07-18,W21,SP500,secondary,context,log_return__SP500,
2026-07-19,W21,SP500,secondary,context,log_return__SP500,
2026-07-20,W21,SP500,secondary,context,log_return__SP500,-0.0019341238867802
2026-07-21,W21,SP500,secondary,context,log_return__SP500,0.0088173784322123
2026-07-22,W21,SP500,secondary,context,log_return__SP500,-0.001364622426399
2026-02-28,W01,TEDPIX,descriptive_only,not_in_main_tests,log_return__TEDPIX,
2026-03-01,W01,TEDPIX,descriptive_only,not_in_main_tests,log_return__TEDPIX,
2026-03-02,W01,TEDPIX,descriptive_only,not_in_main_tests,log_return__TEDPIX,
2026-03-03,W01,TEDPIX,descriptive_only,not_in_main_tests,log_return__TEDPIX,
2026-03-04,W01,TEDPIX,descriptive_only,not_in_main_tests,log_return__TEDPIX,
2026-03-05,W01,TEDPIX,descriptive_only,not_in_main_tests,log_return__TEDPIX,
2026-03-06,W01,TEDPIX,descriptive_only,not_in_main_tests,log_return__TEDPIX,
2026-03-07,W02,TEDPIX,descriptive_only,not_in_main_tests,log_return__TEDPIX,
2026-03-08,W02,TEDPIX,descriptive_only,not_in_main_tests,log_return__TEDPIX,
2026-03-09,W02,TEDPIX,descriptive_only,not_in_main_tests,log_return__TEDPIX,
2026-03-10,W02,TEDPIX,descriptive_only,not_in_main_tests,log_return__TEDPIX,
2026-03-11,W02,TEDPIX,descriptive_only,not_in_main_tests,log_return__TEDPIX,
2026-03-12,W02,TEDPIX,descriptive_only,not_in_main_tests,log_return__TEDPIX,
2026-03-13,W02,TEDPIX,descriptive_only,not_in_main_tests,log_return__TEDPIX,
2026-03-14,W03,TEDPIX,descriptive_only,not_in_main_tests,log_return__TEDPIX,
2026-03-15,W03,TEDPIX,descriptive_only,not_in_main_tests,log_return__TEDPIX,
2026-03-16,W03,TEDPIX,descriptive_only,not_in_main_tests,log_return__TEDPIX,
2026-03-17,W03,TEDPIX,descriptive_only,not_in_main_tests,log_return__TEDPIX,
2026-03-18,W03,TEDPIX,descriptive_only,not_in_main_tests,log_return__TEDPIX,
2026-03-19,W03,TEDPIX,descriptive_only,not_in_main_tests,log_return__TEDPIX,
2026-03-20,W03,TEDPIX,descriptive_only,not_in_main_tests,log_return__TEDPIX,
2026-03-21,W04,TEDPIX,descriptive_only,not_in_main_tests,log_return__TEDPIX,
2026-03-22,W04,TEDPIX,descriptive_only,not_in_main_tests,log_return__TEDPIX,
2026-03-23,W04,TEDPIX,descriptive_only,not_in_main_tests,log_return__TEDPIX,
2026-03-24,W04,TEDPIX,descriptive_only,not_in_main_tests,log_return__TEDPIX,
2026-03-25,W04,TEDPIX,descriptive_only,not_in_main_tests,log_return__TEDPIX,
2026-03-26,W04,TEDPIX,descriptive_only,not_in_main_tests,log_return__TEDPIX,
2026-03-27,W04,TEDPIX,descriptive_only,not_in_main_tests,log_return__TEDPIX,
2026-03-28,W05,TEDPIX,descriptive_only,not_in_main_tests,log_return__TEDPIX,
2026-03-29,W05,TEDPIX,descriptive_only,not_in_main_tests,log_return__TEDPIX,
2026-03-30,W05,TEDPIX,descriptive_only,not_in_main_tests,log_return__TEDPIX,
2026-03-31,W05,TEDPIX,descriptive_only,not_in_main_tests,log_return__TEDPIX,
2026-04-01,W05,TEDPIX,descriptive_only,not_in_main_tests,log_return__TEDPIX,
2026-04-02,W05,TEDPIX,descriptive_only,not_in_main_tests,log_return__TEDPIX,
2026-04-03,W05,TEDPIX,descriptive_only,not_in_main_tests,log_return__TEDPIX,
2026-04-04,W06,TEDPIX,descriptive_only,not_in_main_tests,log_return__TEDPIX,
2026-04-05,W06,TEDPIX,descriptive_only,not_in_main_tests,log_return__TEDPIX,
2026-04-06,W06,TEDPIX,descriptive_only,not_in_main_tests,log_return__TEDPIX,
2026-04-07,W06,TEDPIX,descriptive_only,not_in_main_tests,log_return__TEDPIX,
2026-04-08,W06,TEDPIX,descriptive_only,not_in_main_tests,log_return__TEDPIX,
2026-04-09,W06,TEDPIX,descriptive_only,not_in_main_tests,log_return__TEDPIX,
2026-04-10,W06,TEDPIX,descriptive_only,not_in_main_tests,log_return__TEDPIX,
2026-04-11,W07,TEDPIX,descriptive_only,not_in_main_tests,log_return__TEDPIX,
2026-04-12,W07,TEDPIX,descriptive_only,not_in_main_tests,log_return__TEDPIX,
2026-04-13,W07,TEDPIX,descriptive_only,not_in_main_tests,log_return__TEDPIX,
2026-04-14,W07,TEDPIX,descriptive_only,not_in_main_tests,log_return__TEDPIX,
2026-04-15,W07,TEDPIX,descriptive_only,not_in_main_tests,log_return__TEDPIX,
2026-04-16,W07,TEDPIX,descriptive_only,not_in_main_tests,log_return__TEDPIX,
2026-04-17,W07,TEDPIX,descriptive_only,not_in_main_tests,log_return__TEDPIX,
2026-04-18,W08,TEDPIX,descriptive_only,not_in_main_tests,log_return__TEDPIX,
2026-04-19,W08,TEDPIX,descriptive_only,not_in_main_tests,log_return__TEDPIX,
2026-04-20,W08,TEDPIX,descriptive_only,not_in_main_tests,log_return__TEDPIX,
2026-04-21,W08,TEDPIX,descriptive_only,not_in_main_tests,log_return__TEDPIX,
2026-04-22,W08,TEDPIX,descriptive_only,not_in_main_tests,log_return__TEDPIX,
2026-04-23,W08,TEDPIX,descriptive_only,not_in_main_tests,log_return__TEDPIX,
2026-04-24,W08,TEDPIX,descriptive_only,not_in_main_tests,log_return__TEDPIX,
2026-04-25,W09,TEDPIX,descriptive_only,not_in_main_tests,log_return__TEDPIX,
2026-04-26,W09,TEDPIX,descriptive_only,not_in_main_tests,log_return__TEDPIX,
2026-04-27,W09,TEDPIX,descriptive_only,not_in_main_tests,log_return__TEDPIX,
2026-04-28,W09,TEDPIX,descriptive_only,not_in_main_tests,log_return__TEDPIX,
2026-04-29,W09,TEDPIX,descriptive_only,not_in_main_tests,log_return__TEDPIX,
2026-04-30,W09,TEDPIX,descriptive_only,not_in_main_tests,log_return__TEDPIX,
2026-05-01,W09,TEDPIX,descriptive_only,not_in_main_tests,log_return__TEDPIX,
2026-05-02,W10,TEDPIX,descriptive_only,not_in_main_tests,log_return__TEDPIX,
2026-05-03,W10,TEDPIX,descriptive_only,not_in_main_tests,log_return__TEDPIX,
2026-05-04,W10,TEDPIX,descriptive_only,not_in_main_tests,log_return__TEDPIX,
2026-05-05,W10,TEDPIX,descriptive_only,not_in_main_tests,log_return__TEDPIX,
2026-05-06,W10,TEDPIX,descriptive_only,not_in_main_tests,log_return__TEDPIX,
2026-05-07,W10,TEDPIX,descriptive_only,not_in_main_tests,log_return__TEDPIX,
2026-05-08,W10,TEDPIX,descriptive_only,not_in_main_tests,log_return__TEDPIX,
2026-05-09,W11,TEDPIX,descriptive_only,not_in_main_tests,log_return__TEDPIX,
2026-05-10,W11,TEDPIX,descriptive_only,not_in_main_tests,log_return__TEDPIX,
2026-05-11,W11,TEDPIX,descriptive_only,not_in_main_tests,log_return__TEDPIX,
2026-05-12,W11,TEDPIX,descriptive_only,not_in_main_tests,log_return__TEDPIX,
2026-05-13,W11,TEDPIX,descriptive_only,not_in_main_tests,log_return__TEDPIX,
2026-05-14,W11,TEDPIX,descriptive_only,not_in_main_tests,log_return__TEDPIX,
2026-05-15,W11,TEDPIX,descriptive_only,not_in_main_tests,log_return__TEDPIX,
2026-05-16,W12,TEDPIX,descriptive_only,not_in_main_tests,log_return__TEDPIX,
2026-05-17,W12,TEDPIX,descriptive_only,not_in_main_tests,log_return__TEDPIX,
2026-05-18,W12,TEDPIX,descriptive_only,not_in_main_tests,log_return__TEDPIX,
2026-05-19,W12,TEDPIX,descriptive_only,not_in_main_tests,log_return__TEDPIX,
2026-05-20,W12,TEDPIX,descriptive_only,not_in_main_tests,log_return__TEDPIX,0.0119893931031551
2026-05-21,W12,TEDPIX,descriptive_only,not_in_main_tests,log_return__TEDPIX,
2026-05-22,W12,TEDPIX,descriptive_only,not_in_main_tests,log_return__TEDPIX,
2026-05-23,W13,TEDPIX,descriptive_only,not_in_main_tests,log_return__TEDPIX,0.018561651149362
2026-05-24,W13,TEDPIX,descriptive_only,not_in_main_tests,log_return__TEDPIX,0.0201563788593297
2026-05-25,W13,TEDPIX,descriptive_only,not_in_main_tests,log_return__TEDPIX,0.021094696253634
2026-05-26,W13,TEDPIX,descriptive_only,not_in_main_tests,log_return__TEDPIX,0.0199614276300135
2026-05-27,W13,TEDPIX,descriptive_only,not_in_main_tests,log_return__TEDPIX,
2026-05-28,W13,TEDPIX,descriptive_only,not_in_main_tests,log_return__TEDPIX,
2026-05-29,W13,TEDPIX,descriptive_only,not_in_main_tests,log_return__TEDPIX,
2026-05-30,W14,TEDPIX,descriptive_only,not_in_main_tests,log_return__TEDPIX,0.0193815771287972
2026-05-31,W14,TEDPIX,descriptive_only,not_in_main_tests,log_return__TEDPIX,0.0198208674283364
2026-06-01,W14,TEDPIX,descriptive_only,not_in_main_tests,log_return__TEDPIX,0.0149140962954827
2026-06-02,W14,TEDPIX,descriptive_only,not_in_main_tests,log_return__TEDPIX,0.0102827773262799
2026-06-03,W14,TEDPIX,descriptive_only,not_in_main_tests,log_return__TEDPIX,0.0033035459924519
2026-06-04,W14,TEDPIX,descriptive_only,not_in_main_tests,log_return__TEDPIX,
2026-06-05,W14,TEDPIX,descriptive_only,not_in_main_tests,log_return__TEDPIX,
2026-06-06,W15,TEDPIX,descriptive_only,not_in_main_tests,log_return__TEDPIX,0.007511541863268
2026-06-07,W15,TEDPIX,descriptive_only,not_in_main_tests,log_return__TEDPIX,0.0229018777038678
2026-06-08,W15,TEDPIX,descriptive_only,not_in_main_tests,log_return__TEDPIX,-0.0151573460685341
2026-06-09,W15,TEDPIX,descriptive_only,not_in_main_tests,log_return__TEDPIX,0.0256206843663875
2026-06-10,W15,TEDPIX,descriptive_only,not_in_main_tests,log_return__TEDPIX,0.0114251992943774
2026-06-11,W15,TEDPIX,descriptive_only,not_in_main_tests,log_return__TEDPIX,
2026-06-12,W15,TEDPIX,descriptive_only,not_in_main_tests,log_return__TEDPIX,
2026-06-13,W16,TEDPIX,descriptive_only,not_in_main_tests,log_return__TEDPIX,0.0222149684181474
2026-06-14,W16,TEDPIX,descriptive_only,not_in_main_tests,log_return__TEDPIX,0.0257715021569762
2026-06-15,W16,TEDPIX,descriptive_only,not_in_main_tests,log_return__TEDPIX,0.0329848678571238
2026-06-16,W16,TEDPIX,descriptive_only,not_in_main_tests,log_return__TEDPIX,0.0237732881192176
2026-06-17,W16,TEDPIX,descriptive_only,not_in_main_tests,log_return__TEDPIX,0.0099196982185993
2026-06-18,W16,TEDPIX,descriptive_only,not_in_main_tests,log_return__TEDPIX,
2026-06-19,W16,TEDPIX,descriptive_only,not_in_main_tests,log_return__TEDPIX,
2026-06-20,W17,TEDPIX,descriptive_only,not_in_main_tests,log_return__TEDPIX,0.001762924646032
2026-06-21,W17,TEDPIX,descriptive_only,not_in_main_tests,log_return__TEDPIX,-0.0066510979339025
2026-06-22,W17,TEDPIX,descriptive_only,not_in_main_tests,log_return__TEDPIX,-0.0104522004267852
2026-06-23,W17,TEDPIX,descriptive_only,not_in_main_tests,log_return__TEDPIX,0.0172429348185794
2026-06-24,W17,TEDPIX,descriptive_only,not_in_main_tests,log_return__TEDPIX,
2026-06-25,W17,TEDPIX,descriptive_only,not_in_main_tests,log_return__TEDPIX,
2026-06-26,W17,TEDPIX,descriptive_only,not_in_main_tests,log_return__TEDPIX,
2026-06-27,W18,TEDPIX,descriptive_only,not_in_main_tests,log_return__TEDPIX,0.0029899237745141
2026-06-28,W18,TEDPIX,descriptive_only,not_in_main_tests,log_return__TEDPIX,-0.0196606224586197
2026-06-29,W18,TEDPIX,descriptive_only,not_in_main_tests,log_return__TEDPIX,-0.0032268614539567
2026-06-30,W18,TEDPIX,descriptive_only,not_in_main_tests,log_return__TEDPIX,0.0134304580646311
2026-07-01,W18,TEDPIX,descriptive_only,not_in_main_tests,log_return__TEDPIX,0.0115619663033896
2026-07-02,W18,TEDPIX,descriptive_only,not_in_main_tests,log_return__TEDPIX,
2026-07-03,W18,TEDPIX,descriptive_only,not_in_main_tests,log_return__TEDPIX,
2026-07-04,W19,TEDPIX,descriptive_only,not_in_main_tests,log_return__TEDPIX,
2026-07-05,W19,TEDPIX,descriptive_only,not_in_main_tests,log_return__TEDPIX,
2026-07-06,W19,TEDPIX,descriptive_only,not_in_main_tests,log_return__TEDPIX,
2026-07-07,W19,TEDPIX,descriptive_only,not_in_main_tests,log_return__TEDPIX,0.0236721791964704
2026-07-08,W19,TEDPIX,descriptive_only,not_in_main_tests,log_return__TEDPIX,-0.0046549840652527
2026-07-09,W19,TEDPIX,descriptive_only,not_in_main_tests,log_return__TEDPIX,
2026-07-10,W19,TEDPIX,descriptive_only,not_in_main_tests,log_return__TEDPIX,
2026-07-11,W20,TEDPIX,descriptive_only,not_in_main_tests,log_return__TEDPIX,-0.0199142355781596
2026-07-12,W20,TEDPIX,descriptive_only,not_in_main_tests,log_return__TEDPIX,-0.0248034300935806
2026-07-13,W20,TEDPIX,descriptive_only,not_in_main_tests,log_return__TEDPIX,-0.0177382163835311
2026-07-14,W20,TEDPIX,descriptive_only,not_in_main_tests,log_return__TEDPIX,-0.0085078482183131
2026-07-15,W20,TEDPIX,descriptive_only,not_in_main_tests,log_return__TEDPIX,-0.0062838609416449
2026-07-16,W20,TEDPIX,descriptive_only,not_in_main_tests,log_return__TEDPIX,
2026-07-17,W20,TEDPIX,descriptive_only,not_in_main_tests,log_return__TEDPIX,
2026-07-18,W21,TEDPIX,descriptive_only,not_in_main_tests,log_return__TEDPIX,-0.0241038581902302
2026-07-19,W21,TEDPIX,descriptive_only,not_in_main_tests,log_return__TEDPIX,-0.0045704037484917
2026-07-20,W21,TEDPIX,descriptive_only,not_in_main_tests,log_return__TEDPIX,0.0121232705572165
2026-07-21,W21,TEDPIX,descriptive_only,not_in_main_tests,log_return__TEDPIX,0.0152663266782848
2026-07-22,W21,TEDPIX,descriptive_only,not_in_main_tests,log_return__TEDPIX,-0.0007267627370275
2026-02-28,W01,VIX,primary,main,log_change__VIX,
2026-03-01,W01,VIX,primary,main,log_change__VIX,
2026-03-02,W01,VIX,primary,main,log_change__VIX,
2026-03-03,W01,VIX,primary,main,log_change__VIX,0.094716342888399
2026-03-04,W01,VIX,primary,main,log_change__VIX,-0.1083348165445108
2026-03-05,W01,VIX,primary,main,log_change__VIX,0.1159426430247574
2026-03-06,W01,VIX,primary,main,log_change__VIX,0.2164686845851973
2026-03-07,W02,VIX,primary,main,log_change__VIX,
2026-03-08,W02,VIX,primary,main,log_change__VIX,
2026-03-09,W02,VIX,primary,main,log_change__VIX,-0.1453727629014674
2026-03-10,W02,VIX,primary,main,log_change__VIX,-0.0226065423876069
2026-03-11,W02,VIX,primary,main,log_change__VIX,-0.0284803938407729
2026-03-12,W02,VIX,primary,main,log_change__VIX,0.1189288523323348
2026-03-13,W02,VIX,primary,main,log_change__VIX,-0.0036710899822636
2026-03-14,W03,VIX,primary,main,log_change__VIX,
2026-03-15,W03,VIX,primary,main,log_change__VIX,
2026-03-16,W03,VIX,primary,main,log_change__VIX,-0.1454234059985837
2026-03-17,W03,VIX,primary,main,log_change__VIX,-0.0497050592694288
2026-03-18,W03,VIX,primary,main,log_change__VIX,0.1147485534418937
2026-03-19,W03,VIX,primary,main,log_change__VIX,-0.0419186781103286
2026-03-20,W03,VIX,primary,main,log_change__VIX,0.1071046775536372
2026-03-21,W04,VIX,primary,main,log_change__VIX,
2026-03-22,W04,VIX,primary,main,log_change__VIX,
2026-03-23,W04,VIX,primary,main,log_change__VIX,-0.0238061899800823
2026-03-24,W04,VIX,primary,main,log_change__VIX,0.0301341497412681
2026-03-25,W04,VIX,primary,main,log_change__VIX,-0.0619938646628628
2026-03-26,W04,VIX,primary,main,log_change__VIX,0.080012361318841
2026-03-27,W04,VIX,primary,main,log_change__VIX,0.1235969614877432
2026-03-28,W05,VIX,primary,main,log_change__VIX,
2026-03-29,W05,VIX,primary,main,log_change__VIX,
2026-03-30,W05,VIX,primary,main,log_change__VIX,-0.0142720109112346
2026-03-31,W05,VIX,primary,main,log_change__VIX,-0.1925006171755652
2026-04-01,W05,VIX,primary,main,log_change__VIX,-0.0285216791310514
2026-04-02,W05,VIX,primary,main,log_change__VIX,-0.0276820010810792
2026-04-03,W05,VIX,primary,main,log_change__VIX,
2026-04-04,W06,VIX,primary,main,log_change__VIX,
2026-04-05,W06,VIX,primary,main,log_change__VIX,
2026-04-06,W06,VIX,primary,main,log_change__VIX,0.0124897223627087
2026-04-07,W06,VIX,primary,main,log_change__VIX,0.064486826273908
2026-04-08,W06,VIX,primary,main,log_change__VIX,-0.2031735927626896
2026-04-09,W06,VIX,primary,main,log_change__VIX,-0.0765239296072484
2026-04-10,W06,VIX,primary,main,log_change__VIX,-0.0134299659798919
2026-04-11,W07,VIX,primary,main,log_change__VIX,
2026-04-12,W07,VIX,primary,main,log_change__VIX,
2026-04-13,W07,VIX,primary,main,log_change__VIX,-0.0057365842798104
2026-04-14,W07,VIX,primary,main,log_change__VIX,-0.0405605330803213
2026-04-15,W07,VIX,primary,main,log_change__VIX,-0.0104025318289169
2026-04-16,W07,VIX,primary,main,log_change__VIX,-0.0127390002072287
2026-04-17,W07,VIX,primary,main,log_change__VIX,-0.0259755423602112
2026-04-18,W08,VIX,primary,main,log_change__VIX,
2026-04-19,W08,VIX,primary,main,log_change__VIX,
2026-04-20,W08,VIX,primary,main,log_change__VIX,0.0765160598153995
2026-04-21,W08,VIX,primary,main,log_change__VIX,0.0328410617147651
2026-04-22,W08,VIX,primary,main,log_change__VIX,-0.0301948979135193
2026-04-23,W08,VIX,primary,main,log_change__VIX,0.0204035011271921
2026-04-24,W08,VIX,primary,main,log_change__VIX,-0.0315649774298911
2026-04-25,W09,VIX,primary,main,log_change__VIX,
2026-04-26,W09,VIX,primary,main,log_change__VIX,
2026-04-27,W09,VIX,primary,main,log_change__VIX,-0.0375758137702013
2026-04-28,W09,VIX,primary,main,log_change__VIX,-0.010599849987197
2026-04-29,W09,VIX,primary,main,log_change__VIX,0.0535061873246367
2026-04-30,W09,VIX,primary,main,log_change__VIX,-0.1076669202378726
2026-05-01,W09,VIX,primary,main,log_change__VIX,0.0059032275294303
2026-05-02,W10,VIX,primary,main,log_change__VIX,
2026-05-03,W10,VIX,primary,main,log_change__VIX,
2026-05-04,W10,VIX,primary,main,log_change__VIX,0.0737295902466641
2026-05-05,W10,VIX,primary,main,log_change__VIX,-0.0510344409090048
2026-05-06,W10,VIX,primary,main,log_change__VIX,0.0005752217184058
2026-05-07,W10,VIX,primary,main,log_change__VIX,-0.0179871093747783
2026-05-08,W10,VIX,primary,main,log_change__VIX,0.006419666569116
2026-05-09,W11,VIX,primary,main,log_change__VIX,
2026-05-10,W11,VIX,primary,main,log_change__VIX,
2026-05-11,W11,VIX,primary,main,log_change__VIX,0.0669352208047171
2026-05-12,W11,VIX,primary,main,log_change__VIX,-0.0214470360276828
2026-05-13,W11,VIX,primary,main,log_change__VIX,-0.0066926591051235
2026-05-14,W11,VIX,primary,main,log_change__VIX,-0.0347316772184855
2026-05-15,W11,VIX,primary,main,log_change__VIX,0.0655880893242675
2026-05-16,W12,VIX,primary,main,log_change__VIX,
2026-05-17,W12,VIX,primary,main,log_change__VIX,
2026-05-18,W12,VIX,primary,main,log_change__VIX,-0.0336583833231758
2026-05-19,W12,VIX,primary,main,log_change__VIX,0.0133781135003441
2026-05-20,W12,VIX,primary,main,log_change__VIX,-0.0349330693141394
2026-05-21,W12,VIX,primary,main,log_change__VIX,-0.0397713403930319
2026-05-22,W12,VIX,primary,main,log_change__VIX,-0.0035863436026652
2026-05-23,W13,VIX,primary,main,log_change__VIX,
2026-05-24,W13,VIX,primary,main,log_change__VIX,
2026-05-25,W13,VIX,primary,main,log_change__VIX,-0.0066086517077703
2026-05-26,W13,VIX,primary,main,log_change__VIX,0.0250013064635572
2026-05-27,W13,VIX,primary,main,log_change__VIX,-0.0432499410477391
2026-05-28,W13,VIX,primary,main,log_change__VIX,-0.0343462503679092
2026-05-29,W13,VIX,primary,main,log_change__VIX,-0.0270460840554891
2026-05-30,W14,VIX,primary,main,log_change__VIX,
2026-05-31,W14,VIX,primary,main,log_change__VIX,
2026-06-01,W14,VIX,primary,main,log_change__VIX,0.0465496576485002
2026-06-02,W14,VIX,primary,main,log_change__VIX,-0.0175993720384091
2026-06-03,W14,VIX,primary,main,log_change__VIX,0.0182222452622697
2026-06-04,W14,VIX,primary,main,log_change__VIX,-0.0419641906158942
2026-06-05,W14,VIX,primary,main,log_change__VIX,0.3341504692715347
2026-06-06,W15,VIX,primary,main,log_change__VIX,
2026-06-07,W15,VIX,primary,main,log_change__VIX,
2026-06-08,W15,VIX,primary,main,log_change__VIX,-0.1282983862641749
2026-06-09,W15,VIX,primary,main,log_change__VIX,0.0489915311437481
2026-06-10,W15,VIX,primary,main,log_change__VIX,0.1117816545094156
2026-06-11,W15,VIX,primary,main,log_change__VIX,-0.1336599268049529
2026-06-12,W15,VIX,primary,main,log_change__VIX,-0.0948987520338215
2026-06-13,W16,VIX,primary,main,log_change__VIX,
2026-06-14,W16,VIX,primary,main,log_change__VIX,
2026-06-15,W16,VIX,primary,main,log_change__VIX,-0.0874227851372055
2026-06-16,W16,VIX,primary,main,log_change__VIX,0.0128796064701646
2026-06-17,W16,VIX,primary,main,log_change__VIX,0.1166313512868275
2026-06-18,W16,VIX,primary,main,log_change__VIX,-0.1172409355205541
2026-06-19,W16,VIX,primary,main,log_change__VIX,
2026-06-20,W17,VIX,primary,main,log_change__VIX,
2026-06-21,W17,VIX,primary,main,log_change__VIX,
2026-06-22,W17,VIX,primary,main,log_change__VIX,0.0522684915425353
2026-06-23,W17,VIX,primary,main,log_change__VIX,0.1203516986635784
2026-06-24,W17,VIX,primary,main,log_change__VIX,-0.045128362209839
2026-06-25,W17,VIX,primary,main,log_change__VIX,0.0138595096365108
2026-06-26,W17,VIX,primary,main,log_change__VIX,-0.0257386622459177
2026-06-27,W18,VIX,primary,main,log_change__VIX,
2026-06-28,W18,VIX,primary,main,log_change__VIX,
2026-06-29,W18,VIX,primary,main,log_change__VIX,-0.0421582251903811
2026-06-30,W18,VIX,primary,main,log_change__VIX,-0.0704102381756119
2026-07-01,W18,VIX,primary,main,log_change__VIX,0.0084745898092575
2026-07-02,W18,VIX,primary,main,log_change__VIX,-0.0268800873516865
2026-07-03,W18,VIX,primary,main,log_change__VIX,
2026-07-04,W19,VIX,primary,main,log_change__VIX,
2026-07-05,W19,VIX,primary,main,log_change__VIX,
2026-07-06,W19,VIX,primary,main,log_change__VIX,-0.0365740598025849
2026-07-07,W19,VIX,primary,main,log_change__VIX,0.0353348738621033
2026-07-08,W19,VIX,primary,main,log_change__VIX,0.0466327592490873
2026-07-09,W19,VIX,primary,main,log_change__VIX,-0.064775203337501
2026-07-10,W19,VIX,primary,main,log_change__VIX,-0.0524902100208581
2026-07-11,W20,VIX,primary,main,log_change__VIX,
2026-07-12,W20,VIX,primary,main,log_change__VIX,
2026-07-13,W20,VIX,primary,main,log_change__VIX,0.1325328991692527
2026-07-14,W20,VIX,primary,main,log_change__VIX,-0.0392207042612131
2026-07-15,W20,VIX,primary,main,log_change__VIX,-0.051612319669815
2026-07-16,W20,VIX,primary,main,log_change__VIX,0.0654554264001672
2026-07-17,W20,VIX,primary,main,log_change__VIX,0.1150563873495786
2026-07-18,W21,VIX,primary,main,log_change__VIX,
2026-07-19,W21,VIX,primary,main,log_change__VIX,
2026-07-20,W21,VIX,primary,main,log_change__VIX,-0.006413749350782
2026-07-21,W21,VIX,primary,main,log_change__VIX,-0.0896959666533407
2026-07-22,W21,VIX,primary,main,log_change__VIX,-0.0243407602690624
