observation_date,log_return__BTC,log_return__DEFENSE,log_return__DXY,log_return__ETH,log_return__EURUSD,log_return__GAS_NG,log_return__GOLD_USD,log_return__IRR_COIN,log_return__IRR_COIN_G,log_return__IRR_GOLD18,log_return__IRR_GOLD24,log_return__IRR_IMPLIED_USD,log_return__IRR_USD,log_return__OIL_BRENT,log_return__OIL_WTI,log_change__OVX,log_change__RV_BRENT_10D,log_return__SP500,first_diff__SPREAD_BRENT_WTI,log_return__TA125,log_return__TANKER_BASKET,log_return__TANKER_DHT,log_return__TANKER_FRO,log_return__TANKER_STNG,log_return__TEDPIX,first_diff__UST10Y,log_change__VIX
2026-02-28,,,,,,,,,,,,,,,,,,,,,,,,,,,
2026-03-01,-0.018952127255245088,,,-0.01331121436167404,,,,-2.449269505433449e-05,0.0,-9.441814822963579e-05,-9.317667235819727e-05,,6.0108796940738785e-05,,,,,,,,,,,,,,
2026-03-02,0.0451739987422588,,,0.04448277882265206,,,,0.000587659174598798,0.0,0.0,0.0,,-0.0001803372311091067,,,,,,,,,,,,,,
2026-03-03,-0.007035921401254086,-0.022601701274407304,0.006787300505735061,-0.022195215390964584,-0.0053012469677328755,0.03126289309684149,-0.03595919039300277,-0.00022033172253799194,0.0,5.963355183880026e-05,5.963407045328495e-05,0.036018823944845124,9.017268074451579e-05,0.04600539380902635,0.045690012514804756,0.07127371989968267,,-0.009488908731311696,0.33000946044921875,,-0.02292971405107513,-0.020046913145329803,-0.06463952933457762,0.014332322073265402,,0.008000373840332031,0.09471634288839903
2026-03-04,0.06267011054362293,0.008090320834782005,-0.002830923022180798,0.06998564880773461,-0.007295832625916182,-0.04589646447238893,0.002503089586967988,-0.00041631464192093404,0.0,-4.472483048445497e-05,-4.845241135598144e-05,-0.002547814417455996,9.016455036459092e-05,0.0,0.0013403849037709747,0.016221270308329316,,0.007726125740148859,-0.100006103515625,0.0011604635302724375,-0.015228647822971984,-0.03379410740650712,-0.023427881602850587,0.009774363379848161,,0.023999691009521484,-0.10833481654451083
2026-03-05,-0.026047184090687736,-0.028461326854902325,0.005553076634659426,-0.026156066067129835,0.0020109002290503164,0.029056086139906068,-0.010780211536408402,9.797198009309227e-05,0.0,0.0,0.0,0.010780211536410178,-0.0002404568692071507,0.048087941080940944,0.08162810767543593,0.10863977011833281,,-0.005662707772703612,-2.339996337890625,0.014905680530771903,-0.01999865832532649,-0.004305734840658104,-0.0382070032034969,-0.01850148734259882,,0.06599998474121094,0.11594264302475743
2026-03-06,-0.03892676222985436,0.008958337016740536,-0.003328144215863027,-0.04585794631276485,-0.0023707822306563986,0.059154449623977756,0.015825837818907118,,,,,,,0.08179738539234283,0.11518738775741966,0.21174635460458102,,-0.013365720432496175,-2.6100006103515625,-0.0005334152167399964,-0.018271968336752903,-0.025677568211483592,-0.010362691472331154,-0.018308964740910483,,-0.013000011444091797,0.2164686845851973
2026-03-07,-0.012760002816373017,,,-0.004708868776353015,,,,-4.8984790232964315e-05,0.0,1.9877949391400307e-05,2.2362943113307665e-05,,0.0002404568692071507,,,,,,,,,,,,,,
2026-03-08,-0.019556151272462685,,,-0.016820776457914022,,,,0.0,-0.12629372532429528,4.969314483815879e-05,4.8451327856469106e-05,,-0.00012022120716537188,,,,,,,,,,,,,,
2026-03-09,0.03621088313367338,-0.0008674290243337879,0.0019175707865262126,0.028673744603589846,-0.007332555974364441,-0.020933280470187166,-0.010666682586894183,4.8984790232964315e-05,0.0,-6.95710942295591e-05,-7.081427096977677e-05,-0.005159155232014712,0.0,0.06545510060552395,0.04169285009042234,-0.030081136822167842,,0.008269871665389061,2.4000015258789062,-0.029244148682645132,0.022045713472515605,0.0486056796310681,0.026554040202185547,-0.007444752508169117,,0.0030002593994140625,-0.1453727629014674
2026-03-10,0.0220430630536832,-0.009424831094271724,-0.003535163222568194,0.021927234478123836,0.008122175820436117,-0.03257614007055443,0.026781469772137356,-0.00014696156981486297,0.0,0.0,0.0,-0.02678146977213558,0.00012022120716537188,-0.11965418343361112,-0.12720525452225395,0.07343278499074213,,-0.0021374025058875645,0.160003662109375,-0.011767600430957259,-0.01287006515113942,-0.018085540502068564,-0.0070691288427595644,-0.013063402675011382,,0.0,-0.022606542387606954
2026-03-11,0.003967140831024452,-0.0043479319461336985,0.004039200840566082,0.007069651069372185,-0.0005110465032665823,0.06070257153040148,-0.011984310631174111,0.00014696156981486297,0.0,1.9877949391400307e-05,2.2362943113307665e-05,0.012004188580563735,-0.00012022120716537188,0.04650966320898764,0.04452994754458839,0.11115753420865371,,-0.0008379521856358707,0.37999725341796875,0.002057781390144342,-0.03951582550589067,-0.0416497548765995,-0.05063636836008856,-0.02733255134295387,,0.07200002670288086,-0.028480393840772944
2026-03-12,0.00410208851035776,-0.03058694467273959,0.005126356944010091,0.01045561383773208,-0.00588116697806243,0.00745111453105185,-0.010035890037832118,-0.00014696156981486297,0.0,-9.93892530587459e-06,-1.118140904310394e-05,0.010025951112529796,6.0112410224633095e-05,0.08818843060042703,0.09275420294240799,-0.005723089709123386,,-0.015344808189492909,-7.62939453125e-06,-0.01663808503197295,-0.06580793576977173,-0.059366382683671226,-0.053776424891157415,-0.08307314911678532,,0.06499958038330078,0.11892885233233486
2026-03-13,0.006712861238543866,-0.00933117479320611,0.006196948879858333,0.009327310322543525,-0.001868285908365408,-0.03205805538623663,-0.01245058143707567,,,,,,,0.026327653496566406,0.03065448512993285,-0.010031889753006062,,-0.0060775463985027756,-0.29999542236328125,0.005520168621904631,-0.011188766168102576,0.0005936805115012156,-0.019360743774773592,-0.015395176770802266,,0.012000083923339844,-0.00367108998226362
2026-03-14,0.003465390532710444,,,0.0021592233043721265,,,,0.0007835455836726624,0.0,-2.4847745439871005e-05,-2.2363193167507234e-05,,0.0,,,,,,,,,,,,,,
2026-03-15,0.021879197879023593,,,0.037617472574898336,,,,-0.19255585198702718,0.0,-0.17315500938753914,-0.11771781107414725,,-0.12372152809597381,,,,,,,,,,,,,,
2026-03-16,0.02805680610892658,0.015017118489062398,-0.006497763921042399,0.07674908524055102,-0.007541187420557344,-0.03510273931800456,-0.01164597843805737,-0.0029717703891591896,0.0,-0.019270948063450533,-0.053834311056107254,-0.16835424532129828,-0.022704793693756997,-0.028819307770963754,-0.054224812860235616,-0.1546128536645872,,0.010079909746819382,2.279998779296875,-0.0006874670385030868,0.03989939911128443,0.037278602590254284,0.0532298217074465,0.030118720461250525,,-0.06500005722045898,-0.14542340599858372
2026-03-17,-0.012617278563277878,0.0010353083141243502,-0.001304604056988623,-0.014187828746907272,0.005618921196097693,0.003302509762716177,0.001400700579186065,0.0029717703891591896,0.0,0.04874633647349924,0.02787119895562995,0.047345635894313176,0.009833193281846064,0.03153037432889061,0.028571856562604303,-0.061164172717468546,-0.005910759404956228,0.0024911493849533173,0.5,0.015453796763470251,-0.027936064712702824,-0.03490763287596854,-0.016791156514308625,-0.03147522875251685,,-0.017999649047851562,-0.04970505926942881
2026-03-18,-0.03688417423341761,-0.006331702606406253,0.005108385040950125,-0.05060291819156326,0.0034673611974542218,0.010495361866183384,-0.022466059027850704,0.031544671567822036,-0.003853569315989347,0.020650469485193668,0.02064922803732472,0.04311652851304615,0.07479190108129785,0.037575570153229876,0.0011426855349121467,0.014078914039646229,-0.007757965196498559,-0.013700999383731371,3.8499984741210938,0.011859449731520755,0.03212312996414807,0.03547914315569134,0.027105328731011902,0.03351927993418169,,0.05699968338012695,0.11474855344189372
2026-03-19,-0.018884161047628467,-0.017918734764471367,-0.008629322886787527,-0.03052360714864033,-0.006521516092985291,0.03242133845970141,-0.06096332512532143,0.02268496037693879,0.0779615414697119,-0.008672163630656371,-0.008670925013330333,0.052291161494663285,0.018310772307817302,0.011757801330152695,-0.0018705222749133554,-0.04844070281254531,-0.004360592448486279,-0.0027525826238985474,1.4500045776367188,0.000479944548954947,0.017018171541777566,0.020362804926246536,0.022141181896058182,0.008713518943023857,,0.02200031280517578,-0.04191867811032868
2026-03-20,0.008684431647449031,-0.02116202051171978,0.004223640215211155,0.004235958585431021,0.009815664723191536,-0.022681011136292062,-0.006607801222591192,,,,,,,0.032062163571803914,0.02242200603663136,-0.008995907808556858,-0.05542995129762598,-0.015253934307770223,1.3600006103515625,0.002782436330269533,-0.024287475440377376,-0.03359272359395016,-0.021830347751911727,-0.017209115730816293,,0.1099996566772461,0.10710467755363728
2026-03-21,-0.026016105631017084,,,-0.033061992006108376,,,,0.0,0.0,0.0,0.0,,0.0,,,,,,,,,,,,,,
2026-03-22,-0.012688120086085775,,,-0.011449568094525908,,,,0.0007305217936064423,0.0,-0.011940215409715904,-0.01193738513544318,,-0.003144063458973889,,,,,,,,,,,,,,
2026-03-23,0.04425119303469849,0.0035433797932507005,-0.007049420764024816,0.04713979833568249,-0.0015039167260879893,-0.06818544113054958,-0.03706475965408629,0.0,-0.003577821347882093,0.0,0.0,0.031732345466961576,0.0,-0.11562385397344865,-0.10941449620742727,-0.022794575291226415,0.1767771519994397,0.011388109095072707,-2.05999755859375,-0.004916479071377822,0.03913225255629593,0.028540735324513733,0.0503137930315809,0.0389490295708681,,-0.05699968338012695,-0.023806189980082326
2026-03-24,-0.005613991531696172,-0.003183936021751599,0.004839240854074056,0.0016520306586045308,0.004054317443303812,0.01782702157327476,-0.001090554444362013,-0.00016853459212384791,0.0,1.721165458690166e-05,1.2908861286575757e-05,0.0011077660989489146,-0.006381320027605497,0.04452132225688832,0.04677272417601852,-0.004912944823913357,-0.22272940349386947,-0.0037495954593200764,0.32999420166015625,-0.012341916808418674,0.04966302605028017,0.04133956651286619,0.04649300395457523,0.06092416645755527,,0.05800008773803711,0.030134149741268157
2026-03-25,0.011168924480813303,0.014359228341347396,0.0017082672092483264,0.005697480587390835,0.0006502102683340061,0.003053377962763504,0.033637840062541,0.000112359550680452,0.0,0.006707155687035282,0.006707232390567697,-0.02693068437550572,-0.00025356576997914715,-0.021963987319612244,-0.0222267736598889,0.009136635416146177,0.004252804442025138,0.005404493759948892,-0.23999786376953125,0.008402563790411932,-0.04211896276297898,-0.040776947754614934,-0.04886068012849876,-0.037018657575416114,,-0.06400012969970703,-0.06199386466286283
2026-03-26,-0.03595291880741591,-0.025742571585128715,0.003007551658087415,-0.051313706617150956,-0.004588832859259456,0.01579605014861296,-0.03906243403134724,-5.6178197255007944e-05,0.003577821347882093,-0.0032135923108818076,-0.0032150583050913895,0.03584884172046543,0.005374487344870005,0.05509646992640871,0.0450292909571548,0.024216369989670916,-0.08154964261351241,-0.017559440961209205,1.6299972534179688,-0.008831877616273687,0.0061999122297110715,0.0022470931496063606,-0.005347590515335732,0.020780004471938618,,0.08799982070922852,0.08001236131884104
2026-03-27,-0.03631346968520788,-0.01870925551874425,0.0024993764191911794,-0.03372766989245335,-0.0022865769599887398,0.03150899144589836,0.02627723788244829,,,,,,,0.0413514124472627,0.05317547684867918,0.0451904475316951,0.016294852549221694,-0.01686323194605066,-0.5999984741210938,-0.03597467404692445,0.01434710411756121,0.015590601156992623,0.0023803563532007743,0.024062070683080528,,0.024000167846679688,0.12359696148774324
2026-03-28,-0.0002816215791394683,,,0.000714166378411818,,,,5.6178197255007944e-05,0.0,-5.145576949061592e-05,-5.1456431421570414e-05,,0.0,,,,,,,,,,,,,,
2026-03-29,-0.005515409833700247,,,-0.005098999439741014,,,,5.617504144339591e-05,0.0,5.145576949061592e-05,5.1456431421570414e-05,,-0.00012612726257543727,,,,,,,,,,,,,,
2026-03-30,0.011105181731210223,-0.02460122522667607,0.0035881689427954555,0.020447261393548466,-0.0037419809916972024,-0.06956998563038397,0.007540510335148909,0.0,0.0,-0.00013150334066125424,-0.0001286460434535286,-0.03394925155825845,-6.30695973207196e-05,0.0018637598995550064,0.0319995495239489,-0.008312631714299634,-0.031050098241303253,-0.003953553833357049,-3.029998779296875,-0.019982796905463118,-0.015190183289241987,-0.009436619230546839,-0.0077566974078497886,-0.02745026114540927,,-0.09800004959106445,-0.014272010911234645
2026-03-31,0.022856210162577995,0.03706717699174611,-0.005487149482743092,0.039340814763852094,-0.0027886834950053563,-0.0010396885027648128,0.026512431127411418,-0.00016853459212384791,0.0,1.1435759621036823e-05,1.286534910960313e-05,-0.026500995367792157,0.00015766653560511656,0.04820731551177726,-0.014687427840109457,-0.06967128388468247,0.0195572963718256,0.02871489330980026,7.069999694824219,0.018850680544508336,0.024771811012785333,0.01878502050928521,0.04308357464486923,0.013484525427132965,,-0.031000137329101562,-0.19250061717556521
2026-04-01,-0.0022706442540201266,0.022108143975573036,-0.003106034836628524,0.01603863631682767,0.009916087449610367,-0.022796027085637105,0.028758841078818875,0.00016853459212384791,0.035091319811272115,6.86118115496015e-05,6.432426292235505e-05,-0.028690229267267497,-3.153131848598889e-05,-0.15694286506413402,-0.012506311955777782,0.02660351859819432,0.35718547328531125,0.007142945003758783,-15.930000305175781,,-0.0057799163121069475,-0.008796037387457822,-0.0008608388620352514,-0.007528986858640785,,0.007999897003173828,-0.028521679131051414
2026-04-02,-0.01763414922887563,-0.007765739126760707,0.0038060668225332606,-0.03903857547596612,0.0014130283252830889,-0.006762814010530027,-0.02792007119110096,-5.617504144339591e-05,0.0,-8.004757117063832e-05,-7.718961203195818e-05,0.02784002361993032,-6.306561979840808e-05,0.07491960451933632,0.10801378517299653,0.014491400131182886,0.0569211602973618,0.001120248136237123,-3.5500030517578125,,0.03672471153336323,0.02991784363360317,0.04956900679068621,0.030959802707704043,,-0.005999565124511719,-0.02768200108107921
2026-04-03,0.0006356502125015595,,,-0.0016871461717560265,-0.00422153973874273,,,,,,,,,,,,,,,0.022433712745707268,,,,,,,
2026-04-04,0.00535554449552933,,,0.005810685555500683,,,,5.617504144339591e-05,0.0,0.00011435171168372449,0.00011578218382268801,,6.306561979840808e-05,,,,,,,,,,,,,,
2026-04-05,0.024824828794848486,,,0.020911357684259002,,,,-0.00022471910206789403,0.0,0.022561151838047522,0.022559945713890528,,-0.009950330853166989,,,,,,,,,,,,,,
2026-04-06,-0.001771166793332668,0.014716989085187038,-0.0004999292322445115,-0.000585345976150009,-0.002754691613357063,0.0039209304493608155,0.0011387268075573331,0.00016854406062449812,0.0,0.00010619894425900611,0.00010480268807810944,0.02164297568643292,0.0,0.0067641745954434285,0.007769654882380905,0.0317017251160685,-0.009583842624857813,0.004417013131604364,-0.1300048828125,0.011792639236864133,-0.003244840067656879,-0.008071086343409917,-0.003284065540943626,0.001438195846814594,,0.021999835968017578,0.012489722362708733
2026-04-07,0.04376925008865129,-0.008472733957857415,-0.003406515293062462,0.06165560497032896,0.0027084187241491198,0.020771659296024314,6.448275631143474e-05,0.049375834517960016,0.0,0.006401367868996033,0.006405604328069359,0.0063368851126863746,0.022048137221762687,-0.004565384256506988,0.004792281843498891,0.027190938206547166,-0.15410473240198153,0.00075896003312792,-1.0399932861328125,,-0.04041470361797187,-0.050980516967892076,-0.04198768307472278,-0.02889538357738175,,0.007999897003173828,0.064486826273908
2026-04-08,-0.01142638659290185,0.038953733467495866,-0.005131591930476631,-0.023227371527030805,0.012519593943219748,-0.05221061001179561,0.01964639155775494,-0.05213228438296369,-0.035091319811272115,-0.002001245887161218,-0.002005433268106316,-0.021647637444916157,-0.03913598154061404,-0.14258000889866107,-0.17929817736150344,-0.1632515547985136,0.19116415258295485,0.024772038357184556,4.019996643066406,,0.0357900008282275,0.042299024874532076,0.03290049336973455,0.032416647040988344,,-0.05200004577636719,-0.20317359276268965
2026-04-09,0.009020473987913391,-0.0017675801833085814,-0.0031320820085305456,-0.0005440857898824092,-0.0023346595046965235,-0.020022878898179886,0.00895028757749472,0.0054492986170799895,0.0,0.0032943650648249445,0.0032957882530908478,-0.005655922512669775,0.013834149145623087,0.01227264766732894,0.03599305696745514,-0.026201387523603792,0.0019267792360013747,0.0061510668695135,-2.2900009155273438,0.023580388091003712,-0.025801826059241764,-0.030431145641589552,-0.0374850150237509,-0.010469820890363302,,0.0020003318786621094,-0.07652392960724841
2026-04-10,0.0167360714535274,-0.009189431560949757,-0.00172176239317956,0.02526112743556741,0.0027319920379857143,-0.008273862191609527,-0.006342909169259059,,,,,,,-0.007534581888824832,-0.01337196468262647,-0.04670640101739387,-0.03765184069766714,-0.0011391696991402966,0.5800018310546875,0.018597909968800508,-0.017751272241073895,-0.01928595623472429,-0.01388103732132917,-0.01993156224460524,,0.023999691009521484,-0.013429965979891989
2026-04-11,0.0010302658186933655,,,0.01776500103866674,,,,-0.02541980841392899,-0.03636764417087335,-0.024717709826564516,-0.024716531445136525,,-0.018575187414025862,,,,,,,,,,,,,,
2026-04-12,-0.03200195641601056,,,-0.04163060757712067,,,,0.017149951713243183,0.018349138668195764,0.01887709158569706,0.018875856348852693,,0.019086271562377632,,,,,,,,,,,,,,
2026-04-13,0.051392257782232775,0.013709779490922003,-0.002842340490627926,0.07828539113868604,-0.0013785918865959201,-0.007962092514922414,-0.004103411668916479,0.011178949661367454,-0.018349138668195764,0.008388658460440013,0.008387356959829617,0.012994361057748094,0.016092592596333333,0.04276971458695833,0.025659492283050866,0.03204109652520515,0.0014514145956451285,0.010121875493741328,1.6500015258789062,-0.014562209094224343,0.01576627937311649,0.00628035803681648,0.014455253259209488,0.02570350398205612,,-0.019999980926513672,-0.005736584279810497
2026-04-14,-0.004076670658996306,0.011190967614870928,-0.002544660063238169,-0.020199243770337105,0.007994343068552734,-0.010715799427318706,0.01726741870353088,-0.00016760244738733832,0.07145896398214546,-4.9790740593635974e-05,-4.9791291512946145e-05,-0.017317209444124515,0.0,-0.04708569620456782,-0.08199593092107804,-0.06673424268753081,0.006985744109847342,0.011713988916143947,3.2300033569335938,0.014414555660104966,-0.027244215381833914,-0.02244696632764276,-0.019710723926112728,-0.03867139065944247,,-0.0409998893737793,-0.04056053308032137
2026-04-15,0.008369504683727769,-0.006092531078410346,-0.0006117360563377972,0.015430748489015045,0.002592450190080975,0.004223434288612271,-0.0051948168771041026,-0.0339246714592818,-0.07145896398214546,-0.02578434423359255,-0.025786052501615586,-0.020589527356490223,-0.04256234701387385,0.0014758529850222857,0.00010957042512149684,-0.042288386283586554,-0.039974001693429684,0.007944144911565587,0.12999725341796875,-0.00560733805261826,0.023470377015338245,0.0275563152293703,0.03819559635890846,0.005558922375336728,,0.026000022888183594,-0.010402531828916928
2026-04-16,0.004628724487071523,-0.02146808751968976,0.0016303617133308634,-0.004584461790341443,0.0008262849973656727,0.014076770205760702,-0.0030463223435290843,-0.0028941904897763493,-0.03774032798284921,-0.004968296843792075,-0.004968360463223576,-0.0019219745002612143,-0.0023637568458330094,0.04591171773048597,0.03656716117278602,0.011151730282946914,-0.21817260319848472,0.0026065558152854607,1.05999755859375,-0.0109555183940504,-0.0018152957364297034,0.003391712612400788,-0.009626319106940784,0.0008108290517263583,,0.026999950408935547,-0.012739000207228734
2026-04-17,0.02593729657840349,0.012625719501458299,-0.0012225220223562872,0.030371750892575378,-0.0022410974906926506,0.010148536605384173,0.014974913312608251,,,,,,,-0.09502852524507333,-0.12157895370705951,-0.0567557962334293,-0.0010949528656774982,0.01196855392873708,1.8300018310546875,0.010535544844964662,0.03457572806833589,0.03329937729672583,0.054800594083094456,0.015948894492973764,,-0.06300020217895508,-0.025975542360211268
2026-04-18,-0.018327445076504745,,,-0.02932677236146297,,,,-0.0324015149421264,-0.039220713153280684,-0.02094489446939818,-0.020945166172744223,,-0.02962191230551703,,,,,,,,,,,,,,
2026-04-19,-0.025002336494923227,,,-0.0373454427406088,,,,0.00602932907317566,0.039220713153280684,-0.0012067052294568725,-0.0012023462500110327,,0.009032754371039786,,,,,,,,,,,,,,
2026-04-20,0.026932597272258718,-0.00038809994159283434,-0.0005097672501355177,0.021963323579240246,-0.003528654694259864,0.005593848903183485,-0.01055451509881955,-0.00020833023393507233,-0.039220713153280684,-0.005070052877069742,-0.005070097350628799,-0.031642050789713494,0.01445679886652762,0.05489386303526356,0.06643745763583109,0.06697178088959,0.06583882730375122,-0.0023771959102507623,-0.6599960327148438,0.004362760279189359,0.012044156451381877,0.01838888346541312,-0.004318482248248934,0.022091662091997755,,0.004000186920166016,0.07651605981539955
2026-04-21,0.006309747501946461,-0.03851535761068359,0.003664878356810064,0.005495406547136206,0.003669983273172195,0.0029707172027906292,-0.02276798934293467,-0.005850937614447105,0.039220713153280684,0.003318616251689832,0.003318645387459185,0.026086605594622725,0.008758410997254273,0.030936679334534034,0.02773366560148638,0.1481115173861003,0.023875860140835058,-0.0063684535808530285,0.48000335693359375,,-0.03675626607058555,-0.03656610341829891,-0.04396006123855756,-0.029967192902649487,,0.04199981689453125,0.032841061714765196
2026-04-22,0.023944952373343042,-0.017818871229901667,0.0018273373184429786,0.020458654220039563,-0.0034116213946593366,0.00922680742705484,0.007231599660171284,0.023581323172180646,0.0,0.008309523408073005,0.008305249728291386,0.0010779237479017212,0.01754773043662894,0.03423659081167951,0.008968689946171615,-0.10852085575092385,-0.32877332482666966,0.010405756011536482,2.5999984741210938,,-0.005066164381408611,-0.01399406377347967,-0.020560456190680032,0.01792987340820762,,0.0020003318786621094,-0.03019489791351937
2026-04-23,0.0008417038623189654,-0.00018249816202420277,0.0021278361999446105,-0.018937688624205862,-0.0032596369980887885,-0.040485214907908795,-0.00580655654933615,8.772058076544909e-05,0.03774032798284921,-0.0033259936801641743,-0.003321676428740261,0.002480562869171976,-0.0014828667170334597,0.03053668502084239,0.030615170317221718,0.024447969953365956,0.011913608282799582,-0.004141432170939652,0.26999664306640625,4.1517828641701726e-05,0.008804601870673515,0.002814567756662445,0.0069006384505341245,0.016060925757078515,,0.028999805450439453,0.020403501127192136
2026-04-24,-0.01044985540070087,-0.01522183455099757,-0.002939548089053723,-0.006810026535066349,-0.0018946143927692227,-0.03543297616279073,0.0036488801351293176,,,,,,,0.002471504436246441,-0.015243364256781078,-0.036767848206336495,-0.005965841596765331,0.0079420679176323,1.7099990844726562,-0.012438261032205133,0.016520003804759126,0.015062989655968195,0.019577810604900936,0.015041824721812702,,-0.013000011444091797,-0.03156497742989117
2026-04-25,0.002021098580042846,,,0.00135458126339838,,,,-0.005953184050589755,0.0,0.0039921834182514715,0.003990770396228527,,0.006495408540578396,,,,,,,,,,,,,,
2026-04-26,0.013381225028139099,,,0.021713243592728304,,,,5.882525958611495e-05,0.0,-0.005458433746397873,-0.0054570335214556565,,0.003168053338505672,,,,,,,,,,,,,,
2026-04-27,-0.016547994707933,0.0011114800215992204,-0.00030457158934193984,-0.028535209239105797,0.0019297471030216007,0.01064467005593317,-0.009981227996584963,0.005806638210238191,0.0,0.02730501937747576,0.027302421667776855,0.032171116910785,0.015188078312233344,0.027160327091287684,0.020653889048153573,-0.036528852206056506,-0.020164933720090317,0.001231618000550938,0.9300003051757812,-0.0008026726319858568,0.014707562580847919,0.015384893778068953,0.011176389003348941,0.017330096609525114,,0.026000022888183594,-0.03757581377020136
2026-04-28,-0.013218654490737336,0.0007866310161039891,0.0014205926824697457,-0.005942025412355001,0.001452700149513153,0.00352322266960714,-0.018107931619109507,0.05683670586027745,0.018349138668195764,0.0577839834181475,0.057785956615287404,0.07589191503725701,0.043112779203907436,0.02761120052377386,0.03627496556401422,-0.03635245483540217,-0.09268214168642575,-0.004906187868796152,-0.529998779296875,-0.00311886444070808,0.006216734660453565,-0.0027299382587631094,0.0033287032737874256,0.016911558730299703,,0.018000125885009766,-0.010599849987197096
2026-04-29,-0.007553459041741206,-0.014300974754994478,0.0030373154966234495,-0.015851183918590195,-0.0004805739151844679,0.03381038820674609,-0.010134994038567768,0.05385782459368471,0.0531098253139497,0.05990902360214534,0.059908308596686055,0.07004401764071133,0.05568714766586247,0.05906899525117293,0.06723674016293035,0.07459416407310648,0.03898206280171784,-0.0003992517435129628,-0.18000030517578125,0.012737320111739336,0.0009492940958374628,-0.001094151986303249,0.004696776010049586,-0.0006166118723163194,,0.06400012969970703,0.053506187324636745
2026-04-30,0.006946186875135041,0.025111353968823913,-0.008527933285863654,0.0012574984349420504,-0.0028316799494365608,0.04433673498187585,0.015175128715867459,0.025815053516055286,0.0,-0.004649680098033571,-0.004653522292979773,-0.019824808813897477,0.014265738676638051,-0.03465263651581729,-0.017079892294339594,-0.011652637784973052,0.053006525179382036,0.010186184168105683,-2.2099990844726562,0.0003431329658045712,0.006751521348403105,0.011428677384369035,0.0057717172466413835,0.0034487247588117498,,-0.028000354766845703,-0.10766692023787261
2026-05-01,0.024271509894035148,-0.010532938094760524,0.0013245429906509898,0.01706900822062174,0.0037930034813587477,0.004687231082028953,0.0032883457514998327,,,,,,,-0.052582135868214586,-0.030242362934846057,0.0042530591446743315,-0.24873840823843962,0.0029240496865217125,-2.7100067138671875,0.013227278777705465,0.018467158759782616,0.020884379711219037,0.014149745468639008,0.020205068631493184,,-0.012000083923339844,0.005903227529430399
2026-05-02,0.0060987365147830985,,,0.009168006384036254,,,,0.02010270231718536,0.0,0.017381883865681402,0.017382123660649285,,0.024979096252138788,,,,,,,,,,,,,,
2026-05-03,-0.0015143369624652792,,,0.002330299791572621,,,,0.00513729651759931,0.03390155167567954,0.01130922196285411,0.011315522254797372,,0.02169164818233149,,,,,,,,,,,,,,
2026-05-04,0.016287676864907397,-0.00901069734709914,0.00264391180886836,0.010608949945406287,-0.00021111912782639797,0.030815305415083927,-0.02413388024391061,0.00486353315999466,0.008464078412128373,-0.031128061601329193,-0.03112956296973124,0.01840857871961532,-0.037773340952821144,0.05634664280078017,0.043009083100958634,0.0419459758219336,0.004602478338492921,-0.0040704624878422635,1.790008544921875,0.01570419915054977,-0.003131591522005186,-0.014949638495966422,0.001350177958093557,0.0033682421745293567,,0.06800031661987305,0.07372959024666415
2026-05-05,0.013675043806523846,0.0048405512007505536,0.00010157030725110872,0.006281654029697492,-0.0029623965157234144,-0.027941691616740094,0.007999735337600455,-0.061299387763259716,-0.07745694989908003,-0.028494272193196224,-0.028494528779535955,-0.03649400753079668,0.010419070091089111,-0.040752815804153464,-0.03977716996860181,-0.05087160820993741,0.10507415495634542,0.008087227380576323,-0.4199981689453125,0.009085989128903904,0.03172167944317965,0.027064549461276233,0.02767597917602771,0.03944243790335911,,-0.03000020980834961,-0.051034440909004886
2026-05-06,0.006165248057273587,0.03669594849748581,-0.004682010729696984,-0.004406055141063625,0.0020363816738951657,-0.021022915025946665,0.02730288599459385,-0.015917144198869693,0.0,0.008481718076897238,0.008481795219111632,-0.01882116791769839,-0.02795351955938763,-0.0815076895154192,-0.07289768024365983,-0.03250448696265096,0.18692007832111424,0.014482944327745884,-1.4100112915039062,-0.0017779442156609093,-0.02325190273388343,-0.008412188836683043,-0.010554156638042045,-0.04800549888185479,,-0.059999942779541016,0.0005752217184058495
2026-05-07,-0.017561908350902655,-0.004081368855562317,0.002343745515404727,-0.025721149788492603,0.002698356504503757,0.01418464729235236,0.0038159234729668867,0.005493493641527181,0.0,0.00824615173103993,0.008244942930353716,0.00443022825807482,-0.005457659936798365,-0.012020202535205193,-0.0028437985706819546,-0.0012448489078344949,-0.02452220714889669,-0.0038103454826785566,-0.9399948120117188,-0.006650586560144944,0.013996722531499617,0.004214888051737198,0.01107895175645579,0.025472295462349415,,0.03600025177001953,-0.01798710937477832
2026-05-08,0.002206954893020807,0.004394678729549462,-0.004181796800026838,0.006900517380176829,-0.0013500463548999364,-0.004343142503311359,0.004373608019836439,,,,,,,0.01221771707674435,0.006413317719184519,-0.0013850206239593987,0.005593749266576908,0.00839040542903291,0.6200027465820312,0.007434920694379343,0.010305514517198182,-0.001052031682929222,0.0358147235227908,-0.0033116729842621595,,-0.028000354766845703,0.006419666569116078
2026-05-09,0.005938447031187621,,,0.008526770803293893,,,,0.013104546845912779,0.017699577099403285,-0.00824615173103993,-0.008244942930353716,,0.013982283213941571,,,,,,,,,,,,,,
2026-05-10,0.018115146956791506,,,0.018023789401602208,,,,-0.007852684690966782,-0.017699577099403285,-0.008012097313116584,-0.008012170166942667,,-0.0113634374245688,,,,,,,,,,,,,,
2026-05-11,-0.005011785219489084,0.011124074967233888,0.0010216172523982436,-0.012608728464913455,0.003172533460629373,0.05400998970594828,-0.000360141757591137,0.021046795419348285,0.035091319811272115,0.032791673937982324,0.03279196845281973,0.012519958631578731,0.033682628464255515,0.028420386481547766,0.0273933253938754,0.047502361238485946,0.0019338699029312623,0.0018781917406744952,0.26999664306640625,-0.0029664192664604627,-0.012955021454402138,-0.014312514304257729,-0.03502794252961072,0.008728510979767456,,0.046000003814697266,0.06693522080471714
2026-05-12,-0.015422747705667206,-0.0026585819624660445,0.003567230691348122,-0.0280543858235065,0.0009418770087463724,-0.023293300819980267,-0.008748200566985886,-0.005194277209511711,-0.01739174271186883,-0.011168819363565063,-0.011167642283773205,-0.0024206187965774006,-0.008307965148341978,0.03359121024075762,0.041054460596887665,0.00039641596934192336,0.00977292727679302,-0.001603894411408291,-0.5500030517578125,-0.003600211023883304,-0.003850163129172442,-0.0005340747177133842,0.00991137106290818,-0.01944798380728674,,0.05299997329711914,-0.02144703602768283
2026-05-13,-0.015028018231236118,0.0014188350089634483,0.0019312140705727288,-0.007531505292275753,-0.003785844789707171,0.00735946787676478,0.004287890056815513,-0.0053261052228492645,-0.017699577099403285,-7.147524917527903e-05,-7.275219648050779e-05,-0.004359365305989016,-0.008377566079040832,-0.020056899626527347,-0.011417483079781299,-0.06481159981584828,-0.11171558350943406,0.005832206062995837,-0.9799957275390625,-0.013927490536069342,-0.0332084274469144,-0.049832293602174005,-0.03539724978430181,-0.016663095578759446,,0.018000125885009766,-0.006692659105123511
2026-05-14,0.02213214369882266,-0.005553503194535736,0.0040534499687954195,0.010293509698889203,-0.0016533716024024203,0.010420368927985146,-0.00418100334817062,0.00010470655996286382,0.017699577099403285,0.0004747041482850989,0.0004708809964029115,0.0046557074964539424,0.0055465114251127545,0.0008517054494978638,0.0014837683094883758,-0.028888098668661044,-0.01622859336239474,0.007626449143739222,-0.05999755859375,0.0042638506498065,0.0022129859875420523,0.002243423046956572,-0.0032318810721525537,0.007158146307723712,,-0.019999980926513672,-0.03473167721848558
2026-05-15,-0.02480277513696727,-0.03255667595511813,0.003936410852977801,-0.02557980717199193,-0.0046171115549501485,0.0225496345602072,-0.026490961871465046,,,,,,,0.03293628123672221,0.04115010193891333,0.04856904689535124,-0.035584746695196456,-0.012440381787730104,-0.7099990844726562,-0.0196814500909106,-0.00994973569870006,-0.011834549915583636,-0.011121849711899223,-0.007279835874983931,,0.13399982452392578,0.06558808932426752
2026-05-16,-0.011886390842574812,,,-0.019794470746775872,,,,-0.005248804827989062,-0.05406722127027663,-0.009686584622965455,-0.009680267734559322,,-0.002727603349898189,,,,,,,,,,,,,,
2026-05-17,-0.009026576797854347,,,-0.024195229175846933,,,,-0.00021052631656459653,0.03636764417087335,-0.00679900143290979,-0.006805530387637759,,0.011031459745181493,,,,,,,,,,,,,,
2026-05-18,-0.006155853649120857,0.013531531646873596,-0.003026590542764218,0.0004092183281603212,-0.004096754388778212,0.021391153756558312,-0.0007245709743042283,-0.026617033898741482,-0.03636764417087335,-0.01511200505246535,-0.015109569035672621,-0.004382058262569544,-0.008137101718817874,0.025660933946970665,0.030271420767915558,-0.003877567285337946,-0.09187043116854088,-0.0007359385925660433,-0.4000091552734375,-0.015012534530461252,0.013206687837698405,0.01519022066966036,0.029034424590284935,-0.003048936966617788,,0.028000354766845703,-0.03365838332317583
2026-05-19,-0.002644879999712302,-0.008710512229017198,0.0033288155411614895,-0.008754253723693317,0.00350206854757662,0.02932766476961457,-0.010200158271743476,0.005552425251025284,0.03636764417087335,-0.0005848030407804572,-0.0005808566415552718,0.009615355230961242,-0.008484087505150839,-0.0073417798208161855,-0.00822447936615145,0.011313582318609683,-0.06679967381893848,-0.006700720556670703,0.07000732421875,-0.0004560962135542468,-0.01421265074733092,-0.017460269386371685,-0.007980970146954203,-0.01724818829470376,,0.043999671936035156,0.013378113500344124
2026-05-20,0.00916773478361499,0.022464675840240922,-0.0019152512068911776,0.00803390824800676,-0.004128979988276826,-0.035963382991024195,0.005532456591870627,0.005147464448846506,0.0,0.012782119072884512,0.012775698798005664,0.0072496624810138854,0.00842850570261966,-0.057898760400528104,-0.09238224697859287,-0.0016477107922643341,-0.1841855924939575,0.01073420806632619,3.2499923706054688,0.017129722975278483,0.03093250573437786,0.04009434539719292,0.039282335883436215,0.01492468787949619,0.011989393103155166,-0.09499979019165039,-0.03493306931413942
2026-05-21,0.0010503232153258324,-0.0005824184498361973,0.00080687679439162,0.00207930390855271,0.001568182992025352,0.004649606299583109,0.0018740842574409555,5.348022570217381e-05,0.0,-0.003601823047137742,-0.003596648051754414,-0.005475907304578698,-0.004624092475763675,-0.023507776433866034,-0.019629669457550847,0.010525752094245888,0.030333356680354973,0.0017138609316660336,-0.5299911499023438,,-0.007555443177582225,0.004514783862657801,-0.012923480840107526,-0.013186457909475813,,0.01399993896484375,-0.039771340393031984
2026-05-22,-0.026806340702622222,0.009899314798689218,0.00130973019598013,-0.03182962888029728,-0.00036029718291841206,-0.037472679173281565,-0.004149706884724935,,,,,,,0.009315020504874205,0.002591346399082539,0.03250905326085096,-0.0030173544037763733,0.0037200452843411114,0.7099990844726562,,-0.020232492949302273,-0.021628678901576937,-0.03494257306960202,-0.00497455975759209,,-0.0279998779296875,-0.0035863436026652984
2026-05-23,0.015577503022418782,,,0.024550147375465237,,,,-0.016173731182867357,-0.03636764417087335,-0.031369089340941514,-0.03137203311079517,,-0.009312830280324036,,,,,,,,,,,,0.018561651149362035,,
2026-05-24,0.004005847400394558,,,-0.008522952674199225,,,,-0.033041679816662395,0.0,-0.03341523837594451,-0.03341560456524917,,-0.043250917994773985,,,,,,,,,,,,0.02015637885932975,,
2026-05-25,0.0038740181286947006,,,0.006355596261768959,0.0018145243857003723,,,0.005434339265370625,0.03636764417087335,0.017134754171326705,0.017139051052602383,,0.023269038922084206,,,,,,,0.03112283308274222,,,,,0.021094696253634027,,-0.006608651707770363
2026-05-26,-0.018996541405032374,0.018116032446696906,-0.001511426833076257,-0.019374108363781062,-0.00041908251653619,-0.00448199722165743,-0.004566948297149764,-0.005378164223927229,-0.018018505502677584,-0.0024291354521110975,-0.0024305246226923316,-0.04136205381579572,-0.008720565790158119,-0.038996660714200715,-0.028454847652877646,-0.15502865806360866,0.03320281281019932,0.006089680623146521,-1.25,-0.009659691786257696,-0.0039440226818798114,0.0011501127469979444,-0.014927739451801703,0.00174385965811652,0.019961427630013517,-0.06500005722045898,0.02500130646355725
2026-05-27,-0.01972531072410888,0.004304560361773291,0.0004032756993979092,-0.023777930243884526,-4.650727306979019e-05,0.04921785620653152,-0.011824119457465088,0.0,0.0,0.0,0.0,0.011824119457465088,0.0,-0.054586210414528935,-0.05708948958032156,-0.08146542598409923,0.0155238869340526,0.00016486555361971966,-0.0800018310546875,0.0029889333621255787,-0.031072349658243514,-0.02856503040997671,-0.030822951776156238,-0.03353677930025345,,-0.012000083923339844,-0.04324994104773916
2026-05-28,-0.010929802661886256,0.021844068463018118,-0.0019169904019307182,-0.007268723243577746,-0.00162788740353087,0.07750917519485312,0.011579645153313223,-0.00016853459212384791,-0.018349138668195764,-0.004534057157780325,-0.004535473340894214,-0.016113702311093547,0.012107383412889305,-0.00617025182134423,0.002477771494425518,-0.028242377265641494,-0.0006950629418694954,0.005737227212216922,-0.8000030517578125,-0.007672112544579335,-0.03373112738843119,-0.033677233212215274,-0.026287150181325547,-0.04071473069795317,,-0.026000022888183594,-0.03434625036790928
2026-05-29,-0.0022330998228099475,-0.0005520244960512954,-0.0011114332552937256,0.002202138887979821,0.0030019102588301205,0.0015208751178188429,0.013510480926909096,,,,,,,-0.01787295653358978,-0.017474640700631205,-0.007921499781394559,-0.009348548386680644,0.0021699047314864828,-0.1199951171875,0.007112512264598081,0.002370869875486334,-0.001836589838279501,0.0037566757421960695,0.004843284073808185,,-0.0019998550415039062,-0.02704608405548914
2026-05-30,0.005197039654902369,,,0.003710709279072688,,,,-0.011300193696541783,0.0,-0.00833469685045074,-0.008336167928877813,,-0.02324809766534308,,,,,,,,,,,,0.01938157712879729,,
2026-05-31,-0.0023775625144768497,,,-0.007513679144432572,,,,0.0058072995037043995,0.0,0.007683716218959802,0.007686560670151721,,-2.932766332008896e-05,,,,,,,,,,,,0.01982086742833644,,
2026-06-01,-0.03119538630329366,-0.023768185870201464,0.0029276007507279544,-0.0005591235515653992,-0.0003378538109447826,-0.0343209024529505,-0.018881179529218528,0.027717265766494137,0.018349138668195764,0.02527310647858627,0.02527331306627545,0.029992824449404765,0.032858883367829606,0.03133443763220978,0.053488717700791,0.05712001770888442,-0.00852440170084734,0.0026218560604913677,-1.8700027465820312,-0.04408398410230241,0.016871124138103363,0.020018862678893523,0.005178362090171529,0.024918416327305515,0.014914096295482793,0.021999835968017578,0.046549657648500276
2026-06-02,-0.0669138485252585,-0.006895960870057394,0.00020163564875819162,-0.07540853835127592,-0.0011525491439395852,-0.0037818657075432416,0.0031011708732169296,-0.010939335609702283,0.018018505502677584,-0.019517267356583545,-0.01952016991510419,-0.022618438229800475,-0.009466851426239486,0.010681813003277085,0.01721211192871941,-0.02832023153787766,-0.061050701791905526,0.0012912549125889683,-0.5800018310546875,0.006139984147630173,-0.011569399350304682,-0.011477053887781086,-0.004889970735596716,-0.017830472664834396,0.010282777326279913,-0.019999980926513672,-0.01759937203840911
2026-06-03,-0.04115222229019189,-0.015180577891550584,0.0031194748173994924,-0.025064483001584037,-0.0011512121904490302,0.014731478139208054,-0.011741357101358929,-0.0029486237948326277,0.0,0.002832715628485971,0.002835482390423749,0.014574072729843124,-0.0005731644565702965,0.018678604873863414,0.023818119529289028,0.016493529824377795,0.0638227701427766,-0.0073993488920685024,-0.4499969482421875,-0.00918517997976842,-0.0010321970645601058,-0.004261784111104561,-0.0063639017587955315,0.006773412214137409,0.0033035459924519728,0.03600025177001953,0.018222245262269787
2026-06-04,-0.0033296811494363254,0.02927085105487759,-0.0012063449308028495,-0.023540908919617465,-0.0010919540194247734,0.03725621104388055,0.008774162180751333,0.0,0.0,0.0,0.0,-0.008774162180749556,0.0,-0.028834177963926066,-0.03152695009146189,-0.012135458278801359,-0.12103173528476396,0.004046762369187107,0.1999969482421875,-0.004776594260576417,-0.007992267459234079,-0.009194034876649493,-0.008743835801495958,-0.0062404930062740505,,-0.01399993896484375,-0.04196419061589429
2026-06-05,-0.04617254262521264,-0.009197072016757346,0.006617188990247769,-0.11277301635815817,0.0002787463332490636,-0.032599954075634985,-0.031479118544611495,,,,,,,-0.02062589058882569,-0.02723776593088978,-0.034715088803292105,-0.0052236176535847,-0.026801330315359806,0.55999755859375,0.006034485905907161,0.02159399941517627,0.02493287287553514,0.029137990552638993,0.011652637784973052,,0.05899953842163086,0.3341504692715347
2026-06-06,-0.000907363048277432,,,-0.007679127186801082,,,,-0.01975025514411044,0.0,-0.016211100216835916,-0.01620845392497472,,0.0032626456348161526,,,,,,,,,,,,0.007511541863268079,,
2026-06-07,0.0382314561194157,,,0.07230344307254999,,,,0.022532207642129265,0.0,0.017774693957367305,0.017774791926299827,,0.017110899055685636,,,,,,,,,,,,0.022901877703867868,,
2026-06-08,-0.0023577871851845345,-0.009590460653170929,-0.00019984652067250863,0.0022225802428659236,-0.007784965054036697,-0.025722878409841998,-0.0002767658988034327,-0.011202642615863567,0.0,-0.013324841693446388,-0.013330451136049248,0.019994636490501705,-0.003432658613862216,0.012384098539172328,0.008359068906861111,0.0105073847110706,0.009254646487460882,0.00297370520766016,0.40000152587890625,7.56885669677132e-05,-0.004756779054809784,-0.012692771402067926,-0.004559698069761531,0.0021042046188837205,-0.015157346068534139,0.01600027084350586,-0.1282983862641749
2026-06-09,-0.023199274916972712,0.013939237101806334,-0.0014002741330596535,-0.031519541921552374,0.0005071209329365889,-0.0022268083904395386,-0.01766001833677322,-0.011159095951786213,0.0,-0.007674754176299814,-0.007673444773907079,0.00998526416047163,-0.011908277948290191,-0.030158484862025325,-0.03454389261421209,-0.012587450130385314,-0.0343054810231016,-0.00257971859262085,0.3000030517578125,-0.009737448248204217,0.017489151348624263,0.016888144475949662,0.035357225382017354,0.0011815971545949822,0.025620684366387536,-0.024000167846679688,0.0489915311437481
2026-06-10,-0.0031600860854066326,-0.024511505353514984,0.00040021301455439584,-0.010785745482470688,0.0005996697912696025,0.014229437729385008,-0.036284136366234065,2.8408687377634578e-05,-0.03636764417087335,-0.0006026886793257802,-0.0006068812143098512,0.03568144768691006,0.018145830132272778,0.017881826427249337,0.020536006149220576,0.044957069525156435,-0.18258304711083473,-0.016332095868206054,-0.18000030517578125,-0.012419533144843342,-0.0010092884560589377,-0.007202848246638194,0.00027567113530180265,0.0032750406295196655,0.011425199294377464,0.01399993896484375,0.11178165450941568
2026-06-11,0.03378866852406581,0.048478851707227655,-0.0009008192290282935,0.03167720451879408,2.3045118985376423e-05,-0.03125256013892619,-0.004366694979493602,0.00025564187553328566,0.0,-0.0026494375664931624,-0.0026452768335119003,0.0017172574130004392,0.009311729163831828,-0.029651194299479045,-0.026107027036364805,-0.0683058319134231,0.07598181874494003,0.01736719891346361,-0.40000152587890625,0.016771706268714937,0.007457572892405631,0.0030074751727564575,0.02315868233486551,-0.0038000559486848218,,-0.07899999618530273,-0.13365992680495298
2026-06-12,-0.00028095784867510076,-0.009578034337315522,-0.001102155414562489,-0.004286465439467868,0.003489797501141395,0.010633254222015776,0.03003126251826771,,,,,,,-0.03432890620114826,-0.0327974455778568,-0.03986036394667236,0.0647969622797071,0.005012928127161587,-0.21999359130859375,0.019483874378307675,0.061867957028898246,0.0537826913145083,0.09357116755525885,0.03711294191524939,,0.024000167846679688,-0.09489875203382159
2026-06-13,0.013724722455703997,,,0.009019641302053572,,,,-0.0330596689413305,0.0,-0.036831883496965645,-0.0368337027305401,,-0.046403736564993636,,,,,,,,,,,,0.022214968418147407,,
2026-06-14,0.019812484755316717,,,0.026081317447444796,,,,-0.0019981787965512865,-0.03774032798284921,-0.005270046715462939,-0.005268431210335933,,-0.004690945769656452,,,,,,,,,,,,0.02577150215697621,,
2026-06-15,0.00877432914288434,0.016024945343040997,-0.0012037592810294484,0.039980555311901256,0.002341085559131928,0.008616676577964943,0.02645595009036228,-0.03813297363311463,-0.01941808585710092,-0.049873003136074345,-0.04987220895829836,-0.1484621459571347,-0.05829460863822078,-0.04880738352792857,-0.049880499844549675,-0.1248550907209105,-0.007356280540043669,0.016393284138581876,-0.03000640869140625,-0.023673771310891212,0.017745651599957647,0.05049615661291007,0.009172054373241867,-0.0038023245551501716,0.032984867857123845,-0.018000125885009766,-0.08742278513720558
2026-06-16,-0.010446052081716672,0.008890482043184988,-0.0009037138609526707,-0.00254534637538395,-0.0007654955137833541,0.028815023791010974,0.0006698085172178736,-0.05176785512615467,-0.019802627296179764,-0.04038259030847868,-0.04038296960860421,-0.04105239882569656,-0.04114194333117638,-0.0519453003343866,-0.059966903269156546,0.10619783258520421,0.043782189291866946,-0.005700396039273414,0.48999786376953125,-0.011473487157561024,-0.002266363384302132,-0.003795054486105176,-0.00025370035453819995,-0.0029249510500761744,0.02377328811921764,-0.0409998893737793,0.012879606470164617
2026-06-17,-0.01818545153086326,0.01355990601382473,0.0055101620147715025,-0.024031278966083036,0.0013575097887166265,-0.029450781422882377,0.006444359486309281,0.02848906309396071,0.05826890812397778,0.03330101829282839,0.0333028771299162,0.026856658806519107,0.028618805305653083,0.007444409616156555,0.00968337643132422,0.01030459800612249,-0.0628515354769641,-0.012222675603359434,-0.149993896484375,-0.01735299020221781,-0.01234740174615047,-0.016429681358888892,-0.014565217737189329,-0.006131799169241781,0.009919698218599393,0.034999847412109375,0.11663135128682756
2026-06-18,-0.023909926459543485,-0.015775111485860194,0.007564504627275426,-0.022186275106794717,-0.00887692768361556,0.027596627044805366,-0.03141346606272499,-0.030615284055414804,-0.05826890812397778,-0.0325154798233207,-0.032522119180292464,-0.001102013760593934,-0.01898791224469143,0.0037640624051471505,-0.0024773784384777287,-0.040123274530413866,0.03670306247464128,0.010787813962926052,0.48999786376953125,0.00861800998186446,0.04230743747145018,0.04216834360480659,0.05215526042285967,0.032028975000215176,,-0.01199960708618164,-0.11724093552055415
2026-06-19,0.01019270130066019,,,0.0008472258287817169,-0.0042487035239249515,,,,,,,,,,,,,,,-0.006454695322501536,,,,,,,
2026-06-20,0.01093823779640779,,,0.016415812264568785,,,,0.026603745517974176,0.039220713153280684,0.027528370894270182,0.0275318662819366,,0.027105346764658478,,,,,,,,,,,,0.0017629246460320047,,
2026-06-21,-0.015722925305146518,,,-0.0201644551603124,,,,-0.007185659660873256,-0.01941808585710092,0.0036452045223320795,0.003649885140141862,,-0.007490671729158294,,,,,,,,,,,,-0.006651097933902506,,
2026-06-22,0.011236353824841672,-0.014668380961463612,0.0016842345394820768,0.01278345211248677,0.00036676063195212327,0.006167142808394699,-0.010040578120388943,-0.00037962670496938244,0.0,-0.014020930475062698,-0.01402572445099537,0.02719322306192673,-0.01007565198874083,-0.02472388308734086,-0.023511831985254972,-0.01643229734239915,0.0034555757104722806,-0.0037119326849772705,-0.1699981689453125,-0.003526988385065266,0.027627853932200734,0.04553301113439634,0.015756028506422215,0.02294150950553142,-0.010452200426785296,0.057999610900878906,0.05226849154253532
2026-06-23,-0.02028318896027237,0.0017817677391729347,0.003853257926300202,-0.03601511857519046,-0.0031129983680534268,-0.03312801222132866,-0.012512495406008739,0.0030329860227453764,0.0,0.009369095779430126,0.009369198191247818,0.02188159118544064,0.021910109635744135,-0.010582105162948885,-0.021753213688144868,-0.0843254172578356,-0.0820540008421633,-0.014466928386097422,0.7900009155273438,-0.0014294943955022177,0.010949575831107713,0.009564564678228304,0.030786215205174994,-0.009138047479431144,0.017242934818579414,-0.015999794006347656,0.12035169866357842
2026-06-24,-0.027057191162535688,0.0011014563865172633,0.0019702197687756495,-0.027707605238554756,-0.0041736184660604025,0.02324221500979884,-0.03438674167665745,0.0,0.0,0.0,0.0,0.03438674167665745,0.0,-0.044298503465182826,-0.039991436170191186,0.021442327638828917,0.043417749697733043,-0.0009834153677328317,-0.470001220703125,0.003131983447348219,-0.04100847907819045,-0.02897278723829988,-0.051686139451708524,-0.041357604098198664,,-0.09100008010864258,-0.04512836220983907
2026-06-25,-0.021099038116469515,0.00502567699685752,-0.0017730531079580558,-0.03461114583410829,-0.00222794927731218,0.037176731309888966,0.010024009459590033,0.0,0.0,0.0,0.0,-0.010024009459590033,0.0,0.020403449713731092,0.022213789720896493,-0.013746680002302725,0.017993167484232186,-9.921104004639858e-05,-0.05999755859375,-0.012602151844582465,-0.054978398592769734,-0.06995108703268071,-0.05684065372473812,-0.03809365801099496,,-0.009999752044677734,0.013859509636510836
2026-06-26,0.004923319948584748,-0.0025308183699044307,-0.0006903663621322664,0.00751217354974365,0.0006587077601488966,-0.034076917726074685,0.011887860479568246,,,,,,,-0.04442162274274164,-0.038120021524248315,-0.010704448387391707,0.03696612929265941,-0.0004717686829192047,-0.5800094604492188,-0.013757928897637939,-0.04823893085059874,-0.024070588977942897,-0.07978281748404337,-0.038913275390533464,,-0.019999980926513672,-0.0257386622459177
2026-06-27,-0.0012726617424334563,,,-0.003194097811799246,,,,0.01763537668783499,0.038466280827798016,0.015312496508482099,0.015311131211024787,,0.03238027127620313,,,,,,,,,,,,0.002989923774514125,,
2026-06-28,-0.006825999440472685,,,-0.0007810761173123737,,,,0.048813778593121526,0.018692133012152112,0.056916208628361886,0.056918332042595665,,0.034612665657665076,,,,,,,,,,,,-0.01966062245861977,,
2026-06-29,0.010128530183576956,0.009875922698954653,-0.002469502894687281,0.025056343014793647,0.002104199930307582,-0.015596059344999746,-0.01392440775661008,-0.03160588102430495,-0.03774032798284921,-0.02975587197661511,-0.02975766728849294,0.04450938043727071,-0.010419489475033572,0.0159849575184996,0.02171819334383418,-0.03037487770514602,0.08221553279610672,0.011681561359345949,-0.35999298095703125,-0.00046635258971150506,-0.02299132625732163,-0.0328275778727245,-0.002254844024327074,-0.034909348749452285,-0.0032268614539567864,0.0019998550415039062,-0.04215822519038115
2026-06-30,-0.026615830286262465,0.013664393962120158,0.0007909227288021015,-0.025551475094468756,0.0031930047645433723,0.029122287238854128,0.00014912084730767106,0.012834659776931545,0.019048194970697097,0.007574129959017739,0.007577176616621273,0.007425009111710068,0.009318646349868231,-0.003149223625719344,-0.017825783952600815,-0.043071062779000524,-0.07028623477919793,0.007888998838147643,1.0199966430664062,0.011184673102166087,-0.02093992479885376,-0.03273123052128035,-0.018511071507463672,-0.011912508445645287,0.013430458064631168,0.04400014877319336,-0.07041023817561198
2026-07-01,0.024374798891813043,0.005922541145862326,0.001974499076028202,0.024777910106091205,-0.000764890500091514,-0.016936529765559927,0.011222222470182786,0.022012906224478712,0.0,0.020271300587840102,0.020270029886983565,0.009049078117653764,0.010380716054561034,-0.018686937213514554,-0.013325778836429159,-0.057444599977146016,-0.1428180387485467,-0.0021531509855510222,-0.43000030517578125,0.016382762048964494,0.00038492714263850536,0.0,-0.002590306540128484,0.0038907267365155818,0.011561966303389681,0.05699968338012695,0.008474589809257527
2026-07-02,0.024390944088390043,0.01760029907204963,-0.005241038244595764,0.053962428648177685,-0.0030996858446359354,-0.007481309504246747,0.010854560835950267,0.012019973048083443,0.0,0.011849319365865085,0.011850870455834439,0.000994758529916595,0.006262620734416302,0.003208531071280163,0.0016026900338550476,0.020879628126720284,-0.013764297172492279,1.3702504482182576e-06,0.12000274658203125,0.005164308153878139,0.048543730376574265,0.03856898094725736,0.05739851671930474,0.04883815077298603,,0.010000228881835938,-0.026880087351686566
2026-07-03,0.01707535974547092,,,0.03378295848238988,0.003921663867690828,,,,,,,,,,,,,,,0.00034403159140161677,,,,,,,
2026-07-04,0.008661912383971071,,,0.012736109597215162,,,,0.014573941631930154,0.037041271680347876,0.015100695855917223,0.015102234771241285,,0.0011681079406251627,,,,,,,,,,,,,,
2026-07-05,0.007258275090508803,,,0.0022307583802163578,,,,0.0,0.0,0.0,0.0,,0.0,,,,,,,,,,,,,,
2026-07-06,0.0070115176898397635,0.010381464187720901,-9.9173430014865e-05,0.008137134529373924,0.001314511522510886,0.015215255951971374,0.010256724291311414,0.0027466256681059065,0.018018505502677584,0.0005075312099620533,0.0005075347876015712,0.005351502774569639,0.0005693139920346368,0.0026426722494541366,-0.002040213241135902,-0.03148514101490152,-0.0032590249205295407,0.007215413830444106,0.32999420166015625,0.010952988146495812,0.003578144550639359,-0.0017477829507264175,0.003259957617442133,0.008999188512484046,,-0.006000041961669922,-0.03657405980258499
2026-07-07,-0.010961031808177424,-0.022868964029267858,0.0028714403470795347,-0.01629961014219372,0.00035461372043099626,0.006144479969103722,-0.0023614037005703636,-0.004639316434143836,-0.03636764417087335,0.00018603025582208943,0.00018180396086719952,0.0025474339563906767,0.005590490885806432,0.029697779831570514,0.027197867760341943,0.16552700405224297,0.10671758970516221,-0.0044650632531855194,0.28000640869140625,-0.020002001848990147,0.012947788494749729,0.008130201277645188,0.02120033590099535,0.00878445455944199,0.023672179196470466,0.04999971389770508,0.03533487386210332
2026-07-08,-0.01656396551934769,-0.022611004404555324,-0.0008902155670149625,-0.014715429926392076,-0.0033240018339101007,-0.016366032027693933,-0.018111033967567636,0.008517500831793257,0.0,0.008005881520951164,0.008008767347963186,0.026116915488520576,0.019671111762590954,0.05074019041313882,0.04279611409991091,0.058360103582981715,0.192285867017562,-0.0028212145626138607,0.779998779296875,-0.0025063867103582993,0.028367145340446535,0.024565553780726557,0.021020197178687194,0.03970191190005323,-0.004654984065252776,0.039999961853027344,0.046632759249087385
2026-07-09,0.01491568233698537,-4.177262650628677e-05,-0.0010891689512790848,0.0010363767887717756,0.00159778906800484,-0.06428942502997437,0.014558617272468766,0.0022458823103086445,0.0,0.0029927270090794877,0.0029899644970186046,-0.011565890263389278,0.007876994420234595,-0.022292182764695134,-0.019780793684117448,-0.09255874387412799,-0.10289854387816788,0.008109821657157568,-0.279998779296875,-0.011233694136365102,-0.03666469284157383,-0.04560669225640357,-0.05066393220735721,-0.014064586811874946,,-0.029999732971191406,-0.06477520333750109
2026-07-10,0.014671800523156975,-0.00233975859712654,0.0002971500071673461,0.028931987175529805,0.000994234492456475,-0.024194736987310117,-0.0064362006754112855,,,,,,,-0.0038080396046904497,-0.009338671859289605,-0.02912192367485078,-0.0219948257488517,0.004200010992571279,0.37999725341796875,-2.7477430810662895e-05,0.0429769444602663,0.04786153628073064,0.0420466177333223,0.03947288431667406,,0.029999732971191406,-0.052490210020858186
2026-07-11,-0.005082718606356451,,,-0.004237766868141257,,,,-0.02236959940166372,-0.018692133012152112,-0.02602581027701234,-0.026026104282518503,,-0.01901007722497461,,,,,,,,,,,,-0.019914235578159634,,
2026-07-12,-0.0006868690961940871,,,0.009843724064150905,,,,0.008731659836112016,0.018692133012152112,0.010484949367967289,0.01048931558688082,,0.007825640831390146,,,,,,,,,,,,-0.02480343009358066,,
2026-07-13,-0.02411433877143665,-0.01691628578372928,0.003065491237119744,-0.01804170099251312,-0.0025349492820356256,-0.014733856349005148,-0.026442418108961974,-0.003951605251685919,0.0,0.0012393012833271655,0.001239310049758302,0.01857705915865182,0.007681999035400011,0.09158364712599809,0.09006411497204247,0.2992004779974402,0.2517084814520655,-0.007958609028042574,0.5600051879882812,-0.0006989482113937129,-0.028068867988483483,-0.025664412115946167,-0.032248041842482866,-0.02605512569578039,-0.017738216383531125,0.04000043869018555,0.1325328991692527
2026-07-14,0.04272810304425967,0.0009355384985676451,-0.00336264124428709,0.06334617578601343,-0.0017662117142032974,0.0024133676046347308,0.015909817195275622,0.016253994841076036,0.0,0.011789612607564948,0.011785503583496393,-0.004120204587708898,0.017119250165617217,0.01702118402101327,0.015240287113094553,-0.005993036285603104,0.00017739014937467878,0.003751931076882542,0.23000335693359375,0.00452480500275243,0.03146492624709099,0.04903776720011077,0.038783158370096604,0.0076056307518550526,-0.008507848218313185,-0.024000167846679688,-0.03922070426121316
2026-07-15,-0.003759410964789822,0.004876067625160019,-0.004368577599692891,0.014430524175558013,0.0035354657321267358,0.006863438298575275,-0.004219595766237205,0.023687869117861027,0.03636764417087335,0.02584262846324492,0.025841551991579337,0.03006222422948035,0.021971822082162973,0.002593042364217979,0.0032717047519854603,-0.01565030373201992,-0.008133608836103812,0.0038118699420550683,-0.040008544921875,0.025765930934637638,-0.00440391519319612,-0.009394933639217395,-0.012585366060512193,0.008694598692509103,-0.006283860941644903,-0.039999961853027344,-0.051612319669815054
2026-07-16,-0.014367279855175497,-0.02366847258986926,0.002285975781514793,-0.02844023268913798,0.003983729845319334,-0.022830456845052582,-0.01454641113017452,-0.00013885610364283707,0.0,-0.0062941741010575925,-0.006294251478486501,0.008252237029122256,0.002123143048079257,-0.00851162001213357,-0.008199371633664576,-0.05311598004375728,-0.028785051432679287,-0.005114462132766562,-0.0699920654296875,-0.007517032473101537,-0.01228151537502236,-0.009484036191465872,-0.019449217301504618,-0.007667847199190447,,0.023999691009521484,0.06545542640016722
2026-07-17,0.0017257545646920391,-0.0006932267675123782,0.00019849754614753579,-0.011989404987594376,-0.0022342662609897423,0.01837457582755042,0.006776429254264471,,,,,,,0.044921323440640926,0.04386234592845817,0.07093459532968982,0.022995807233889387,-0.010149876192112828,0.32999420166015625,-0.0037467316838295517,-0.02049847596595932,-0.024398390689280625,-0.018463638601183163,-0.018907570948046626,,-0.0279998779296875,0.11505638734957868
2026-07-18,0.013942231644751502,,,0.01102217268953698,,,,0.029392149462225348,0.017699577099403285,0.04778978688818114,0.047794281284019746,,0.030803792859142476,,,,,,,,,,,,-0.0241038581902302,,
2026-07-19,-0.0016340878484761845,,,0.005420170979573591,,,,-0.007009406108892335,-0.017699577099403285,-0.01955968725023638,-0.019561174165655615,,-0.007741974153615772,,,,,,,,,,,,-0.004570403748491714,,
2026-07-20,0.008300835886389635,-0.006347810250292518,0.002379280058781852,0.017085491881253745,-0.001486655866828307,-0.01767508119805483,-0.0005982556189270127,-0.03007766255344535,-0.03636764417087335,-0.03156806603062989,-0.03156424062128593,-0.009516140028026143,-0.02784524531242205,0.012632727759781304,0.008930852115421217,0.03358492786984879,-0.012758646051273415,-0.0019341238867802701,0.37999725341796875,4.653881056526643e-05,0.01931558141807356,0.02719711838799954,0.011985940681750407,0.019292441197556798,0.012123270557216514,0.057000160217285156,-0.006413749350782094
2026-07-21,0.019359107363715822,0.0020478916579751427,0.0018796309943827083,0.012851931047764609,-0.0008339405392515653,0.0017467653434299901,0.015047193532637948,0.012957943453571374,0.0,0.014245589602360553,0.01424295663677455,-0.0008016039302773947,0.01375683070964051,0.01986417067968116,0.019984015049358206,0.027176866933711352,-0.0036563100875802723,0.008817378432212308,0.1100006103515625,0.011677423942419551,0.031186690109597896,0.031905893631173576,0.04033447866593187,0.02131519712214569,0.01526632667828487,0.029999732971191406,-0.08969596665334079
2026-07-22,-0.006098209978869562,0.005945531668626991,-0.00039542226283995063,0.002644481072366922,-0.001255195474598847,0.02072611088628551,0.018447786411041278,0.02196929715533713,0.03636764417087335,0.029813736488939924,0.02981134423114895,0.011365950077900422,0.011000751117821395,0.03306976867798017,0.022360290019787676,0.023705484090117857,-0.040140527053041275,-0.0013646224263990092,1.1399993896484375,0.006642317980524837,-0.015456091072721114,-0.018579778557892723,-0.012825766170517117,-0.015178694612552057,-0.000726762737027542,0.029000282287597656,-0.0243407602690624
