handoff_id,platform,provided_by,received_at_utc,original_file_name,relative_path,file_role,file_format,file_size_bytes,sha256,source_schema_version,source_query_registry_version,collector_name,collector_version,run_log_available,config_available,contains_secrets,notes
HF001,x,,,,,raw,csv,,,unknown,unknown,unknown,,false,false,false,"STALE PLACEHOLDER row created before individual X handoffs were catalogued in detail; never filled in. Superseded by HF010 (raw xlsx delivery) and HF011 (derived jsonl/csv). Not used for provenance; kept only for handoff_id continuity. Reviewed 2026-08-14."
HF002,reddit,,,,,raw,jsonl,,,unknown,unknown,unknown,,false,false,false,"STALE PLACEHOLDER row created before individual Reddit handoffs were catalogued in detail; never filled in. Superseded by HF012 (raw csv delivery) and HF013 (derived jsonl/csv). Not used for provenance; kept only for handoff_id continuity. Reviewed 2026-08-14."
HF003,youtube,,,,,raw,csv,,,unknown,unknown,unknown,,false,false,false,"STALE PLACEHOLDER row created before individual YouTube handoffs were catalogued in detail; never filled in. Superseded by HF009 (raw csv export, same content as HF008 jsonl). Not used for provenance; kept only for handoff_id continuity. Reviewed 2026-08-14."
HF004,youtube,unknown,unknown,youtube_comments_1404-12-09_to_1405-05-03.jsonl,data/raw/backup_2026-07-25/youtube_comments_1404-12-09_to_1405-05-03.jsonl,backup,jsonl,232010,1de7bf1d0fb1d10b8b3897d54bee191db9f5137f2c983b197c13488d2c11f0c7,unknown,unknown,unknown,unknown,true,true,false,"Backup snapshot taken 2026-07-25 (before reset); SUPERSEDED by HF007 (ongoing v1 file, same collector, same content up to this date). In backup folder: data/raw/backup_2026-07-25/. NOT an independent content source."
HF005,youtube,unknown,unknown,youtube_comments.jsonl,data/raw/iran_us_war/archive_before_reset_2026-07-26/youtube_comments.jsonl,backup,jsonl,1088380,abfb152e210560bbd89235b8fc7ccb51a67874f951931c36306e158e565b5b0b,unknown,unknown,unknown,unknown,true,true,false,Archive before collector reset 2026-07-26. Directory: archive_before_reset_2026-07-26/. Small early v1 snapshot. SUPERSEDED by HF007.
HF006,youtube,unknown,unknown,youtube_comments_1404-12-09_to_1405-05-02.jsonl,data/raw/iran_us_war/archive_before_reset_2026-07-26/youtube_comments_1404-12-09_to_1405-05-02.jsonl,backup,jsonl,3092378,d6f047c0f0fa3b5da860153814e84edce363905f49941322adda2bc6eeb92da6,unknown,unknown,unknown,unknown,true,true,false,Archive before collector reset 2026-07-26. Directory: archive_before_reset_2026-07-26/. v1 snapshot up to 1405-05-02. SUPERSEDED by HF007; same collector/schema.
HF007,youtube,unknown,unknown,youtube_comments_1404-12-09_to_ongoing.jsonl,data/raw/iran_us_war/youtube_comments_1404-12-09_to_ongoing.jsonl,raw,jsonl,45219060,37ad4f1d5893230727d424d7ed4315b6a26dfbe957c4f2bbed11552a20a913e7,unknown,unknown,unknown,unknown,true,true,false,"v1 collector (youtube_extract.py ≤2026-08-07); FROZEN 2026-08-07 when v2 started. CURRENT file by folder (not in archive). WARNING: contains raw author_display_name PII — remediation not yet done (docs/decision_log.md 2026-08-04, 2026-08-07). author_hash uses old formula (pre-v05 backfill; only HF008 was backfilled)."
HF008,youtube,unknown,unknown,youtube_comments_v2.jsonl,data/raw/iran_us_war/youtube_comments_v2.jsonl,raw,jsonl,145206765,b63c5d80166833cd1a1d0b9c6b572cb3fbc728a9e0750d9a26836cc16c1ffc40,unknown,0.3-draft,unknown,unknown,true,true,false,"v2 collector (youtube_extract.py ≥2026-08-04, merged 2026-08-07); 82550 records per decision_log.md. CURRENT and AUTHORITATIVE for v2 content. author_hash backfilled to v05 formula on 2026-08-12 (docs/decision_log.md); backup before backfill at archive_before_author_hash_v05_backfill_2026-08-12/. file_mtime_utc=2026-08-11T22:48:29Z."
HF009,youtube,unknown,unknown,youtube_raw_export.csv,data/raw/iran_us_war/youtube_raw_export.csv,raw,csv,78291708,da4e7c4d7b795331171d7a0b1894b5085e9f7d94b36c4f824c5405f4710b8660,raw_schema_v03,0.3-draft,unknown,youtube_extract v3.0 (raw_schema_v03 + source_registry_v3),true,true,false,"Raw schema export of v2 content (same records as HF008 in raw_schema_v03 CSV format). CURRENT. query_ids_all_found_in_local_registry(v0.3-draft). file_mtime_utc=2026-08-11T22:48:29Z. sha256 CORRECTED 2026-08-14: recomputed via Python hashlib on data/raw/iran_us_war/youtube_raw_export.csv, cross-checked identical against the data_backup/ copy. Original entry was recorded by a teammate without direct access to this file and did not match; superseded value was sha256=ed55181af56eb6f9c2aa893f1a431e855bb7e7d6ad40ceccd4266fbe0714810f (file_size_bytes was already correct/unchanged at 78291708). Downstream artifacts derived from this file before 2026-08-14 have not been re-verified against the corrected hash."
HF010,x,unknown,2026-08-13,X_Scraper_v4_7_Target20K_Current.xlsx,data/raw_original/x/records/X_Scraper_v4_7_Target20K_Current.xlsx,raw,xlsx,9565277,e1f0903b9e405986b811185d982720d8bb4e7cad72ca0583642e313f691709d6,raw_schema_v03,v3.0,X_Scraper,v4.7 (selenium-v4.4),true,unknown,false,"Delivered 2026-08-13 by teammates (name unknown); on-disk filename at delivery was ""X_Twitter_Collection (1).xlsx"" under data/raw_original/x/exports/ (per decision_log.md 2026-08-13) — that exports/ path no longer exists; folder was reorganized to data/raw_original/x/records/ and file renamed to X_Scraper_v4_7_Target20K_Current.xlsx. sheets: Raw_Tweets(16475 rows), Query_Matches(22904), Jobs(622 total: 546 depth=0 + 76 depth>0), Subruns(622), Sessions(3), Summary, Worker_Status, Query_Week_Audit; collector_version field in Raw_Tweets = x-selenium-v4.4; secret_scan=clean (author_username/tweet_url stripped by bridge script). file_size_bytes/sha256 CORRECTED 2026-08-14: recomputed via Python hashlib, identical across data/raw/, data/raw_original/, and both data_backup/ copies. Original entry was recorded by a teammate without direct access to this file and did not match; superseded values were file_size_bytes=9668085, sha256=9edc4798c32e50463e5e49934872fe5f5f41d3936b7f7a3e326401aa37e60de5 (~103KB larger, consistent with an Excel re-save). Row/sheet counts above were not independently re-verified against the corrected file."
HF011,x,derived:src/ingestion/handoff_csv_to_record.py,2026-08-13,x_comments_v1.jsonl;x_raw_export.csv,data/raw/x/x_comments_v1.jsonl;data/raw/x/x_raw_export.csv,derived,jsonl;csv,26608154;11398720,jsonl:65c42d6e7aeaaef25b373567f1a95e5fc624e059205d46963225aa9d56c2fa64;csv:859e40d3a972600041dc61ad8a46d79894359a2533a76c4d37894f46a0f207d2,raw_schema_v03,v3.0,handoff_csv_to_record.py,unknown,false,false,false,Derived from HF010 via src/ingestion/handoff_csv_to_record.py (run 2026-08-13); 16475 records; author_hash_present=16472/16475; author_username/author_display_name/tweet_url NOT written to output (PII strip); language_detected filled for all rows via geo_tagger._detect_text_language heuristic (both language_reported and language_detected were empty in source); sha256 jsonl=65c42d6e7aeaaef25b373567f1a95e5fc624e059205d46963225aa9d56c2fa64 sha256 csv=859e40d3a972600041dc61ad8a46d79894359a2533a76c4d37894f46a0f207d2
HF012,reddit,unknown,2026-08-13,reddit_raw_schema.csv,data/raw_original/reddit/exports/reddit_raw_schema.csv,raw,csv,119493485,4044edaf9054b3008a1e364e5f1cf963961e2a7f1360cad5a888fb19dfc19a64,raw_schema_v03,v3.0,unknown,reddit_raw_json_parser_v0.2,false,unknown,false,"Delivered 2026-08-13 by teammates (name unknown); 158959 rows; collection_run_ids: legacy_reddit_json_20260807 (8 query groups, ~9089 rows), legacy_reddit_json_20260808 (11 query groups, ~149870 rows); discovery_route=source_scope for all rows; language_reported=empty for all rows (100%), language_detected=empty for all rows (100%) — language was never run by collector; content_status != active: 6458/158959 (deleted/removed); no separate run log available — audit reconstructed from raw records only; BOM (UTF-8 BOM) present in file header; secret_scan=clean (author_hash from author_fullname hash, no raw PII fields)"
HF013,reddit,derived:src/ingestion/handoff_csv_to_record.py,2026-08-13,reddit_comments_v1.jsonl;reddit_raw_export.csv,data/raw/reddit/reddit_comments_v1.jsonl;data/raw/reddit/reddit_raw_export.csv,derived,jsonl;csv,246360097;103342820,jsonl:47707164229bb9f0f724319ea12ea883e4f38b85f29b96a011a0622bb23f2810;csv:eb04f6738482be8f9aba8f2e53d0d959a0cfe3e3082fa5fa97c2a3b9b76a71a9,raw_schema_v03,v3.0,handoff_csv_to_record.py,unknown,false,false,false,Derived from HF012 via src/ingestion/handoff_csv_to_record.py (run 2026-08-13); 158959 records; author_hash_present=158959/158959; author_hash_method shim applied: set to handle_fallback_v1 where author_hash non-empty (prevents x_to_record.py fallback from discarding real author hashes); language_detected filled for all 158959 rows via geo_tagger._detect_text_language heuristic (both language_reported and language_detected were empty in source); content_status != active: 6458/158959 (preserved as-is); sha256 jsonl=47707164229bb9f0f724319ea12ea883e4f38b85f29b96a011a0622bb23f2810 sha256 csv=eb04f6738482be8f9aba8f2e53d0d959a0cfe3e3082fa5fa97c2a3b9b76a71a9
HF014,youtube,unknown,unknown,video_geo_metadata.jsonl,data/raw/iran_us_war/video_geo_metadata.jsonl,log,jsonl,unknown,unknown,unknown,unknown,geo_tagger.tag_video_cached,unknown,false,false,false,Side-file written by geo_tagger.tag_video_cached() (one entry per unique video_id). Cached geo-tagging results; NOT written into Record directly — joined at analysis time. Not on disk at documented path (data/raw/iran_us_war/) during this audit.
HF015,youtube,unknown,unknown,resolved_channels.json,data/raw/iran_us_war/resolved_channels.json,config,json,unknown,unknown,unknown,unknown,youtube_extract.py (find_channel_id),unknown,false,false,false,Cache of resolved channel IDs (handle → channel_id mapping). Written by youtube_extract.find_channel_id(). Not a content file. Not on disk at documented path during this audit.
HF016,youtube,unknown,unknown,checkpoint.json,data/raw/iran_us_war/checkpoint.json,config,json,unknown,unknown,unknown,unknown,youtube_extract.py (checkpoint.py),unknown,false,false,false,Collector state/resumability file. v1 checkpoint functions (mark_discovered etc.) removed 2026-08-07 (docs/decision_log.md). Not a content file. Not on disk at documented path during this audit.
HF017,youtube,unknown,unknown,youtube_runs.csv,data/raw/iran_us_war/youtube_runs.csv,log,csv,unknown,unknown,unknown,unknown,youtube_extract.py (write_manifest),unknown,true,false,false,Per-run manifest (MANIFEST_COLUMNS from youtube_extract.py line 169): collection_run_id/platform/query_id/query_text/query_version/project_week/discovery_route/source_id/sort_mode/started_at_utc/finished_at_utc/returned_count/stored_count/records_in_window/sampling_cap/records_sampled_out/oldest_record_utc/newest_record_utc/quota_consumed/error_count/prefiltered_sources_count/prefiltered_sources_log_ref/notes. Written by write_manifest(). NOT on disk at documented path during this audit — query execution audit reconstructed from config/query_registry.yaml.
HF018,youtube,unknown,unknown,youtube_skipped_videos.csv,data/raw/iran_us_war/youtube_skipped_videos.csv,log,csv,unknown,unknown,unknown,unknown,youtube_extract.py,unknown,false,false,false,"Log of videos skipped during collection (e.g. comments disabled, quota exceeded, geo-restricted). Path: SKIPPED_VIDEOS_PATH = DATA_DIR / youtube_skipped_videos.csv (youtube_extract.py line 156). Not on disk at documented path during this audit."
HF019,youtube,unknown,2026-08-12,youtube_comments_v2.jsonl (pre-backfill),data/raw/iran_us_war/archive_before_author_hash_v05_backfill_2026-08-12/youtube_comments_v2.jsonl,backup,jsonl,unknown,unknown,raw_schema_v03,0.3-draft,youtube_extract.py,unknown,false,false,false,"Archive of HF008 before author_hash formula was changed from sha256(""channel_id:{SALT}:{channel_id}"") to sha256(f""{platform}:{channel_id}:{SALT}"") on 2026-08-12 (docs/decision_log.md). Created by src/ingestion/backfill_author_hash_v05.py. SUPERSEDED by HF008 (post-backfill). DO NOT USE for analysis — same records as HF008 but with old (now-incompatible) author_hash values. Not on disk at documented path during this audit."
