platform,target_column,source_column,mapping_status,source_type,target_type,transformation_rule,field_origin,missing_reason,example_source,example_target,review_status,notes
x,platform,,derived,string,string,constant: x,derived,,,x,pending,
reddit,platform,,derived,string,string,constant: reddit,derived,,,reddit,pending,
youtube,platform,,derived,string,string,constant: youtube,derived,,,youtube,pending,
youtube,platform_content_id,platform_content_id,direct,string,string,مقدار مستقیماً از پاسخ API (id کامنت/ریپلای) کپی می‌شود، بدون تغییر نام یا نوع.,observed,,UgxKrE9f2QWvokh7t4AaABAg,UgxKrE9f2QWvokh7t4AaABAg,pending,در youtube_raw_export.csv نام ستون از قبل platform_content_id است (نه content_id داخلی Record).
youtube,content_type,content_type,direct,string (comment/reply),string (8 مقدار §8),مقدار comment/reply مستقیماً کپی می‌شود.,derived,,comment,comment,pending,کد فعلی هرگز content_type=video_context تولید نمی‌کند — متادیتای ویدیو فقط برای discovery/geo-tagging استفاده می‌شود، نه رکورد مستقل. پوشش این مقدار enum نیازمند کار توسعه جدید است.
youtube,created_at_utc,created_at_utc,converted,string (ISO 8601),datetime UTC,Parse رشته ISO8601 به datetime UTC؛ مقدار زمانی تغییر نمی‌کند، فقط نوع ستون.,observed,,2026-03-05T12:00:00Z,2026-03-05T12:00:00+00:00,pending,API همیشه UTC با پسوند Z برمی‌گرداند؛ parse قطعی است.
youtube,collected_at_utc,collected_at_utc,converted,string (ISO 8601),datetime UTC,همان تبدیل created_at_utc — parse رشته RFC3339 به datetime UTC.,derived,,2026-08-12T09:15:03Z,2026-08-12T09:15:03+00:00,pending,
youtube,text_raw,text_raw,direct,string,string,کپی مستقیم، بدون Cleaning (مطابق §1 که Raw نباید Clean شود).,observed,,این خیلی بده,این خیلی بده,pending,
youtube,collection_run_id,collection_run_id,direct,string,string,کپی مستقیم,derived,,yt_20260812T091503Z,yt_20260812T091503Z,pending,
youtube,collector_version,collector_version,direct,string,string,کپی مستقیم رشته ثابت COLLECTOR_VERSION.,derived,,youtube_extract v3.0 (raw_schema_v03 + source_registry_v3),youtube_extract v3.0 (raw_schema_v03 + source_registry_v3),pending,مقدار فعلی هنوز به v03 اشاره دارد؛ در صورت migration واقعی باید به‌روزرسانی شود (خارج از scope این نگاشت).
youtube,schema_version,,derived,,string,constant: 5.0 — در زمان تولید raw_harmonized اضافه می‌شود، نه از داده مبدأ.,derived,,,5.0,pending,مطابق §3 سند v05: نسخه قرارداد خروجی هماهنگ‌شده است، نه نسخه‌ای که Collector اجرا کرده (آن در source_schema_version است، ردیف مربوطه پایین‌تر).
youtube,project_week,project_week,direct,string (W01..W21/OUT),string,کپی مستقیم.,derived,,W01,W01,pending,project_calendar.py START=2026-02-28 / END=2026-07-22 23:59:59 UTC دقیقاً با §10 سند v05 یکسان است — بررسی شد، حدس نیست.
youtube,in_window,in_window,direct,bool,bool,کپی مستقیم.,derived,,True,true,pending,
youtube,is_partial_week,is_partial_week,direct,bool,bool,کپی مستقیم.,derived,,False,false,pending,
youtube,query_id,query_id,direct,string,string,کپی مستقیم (primary_query_id — اولین query که ویدیو را کشف کرد).,derived,,q_iran_us_en_012,q_iran_us_en_012,pending,سطح الزام از Required (v03) به Conditional (v05) تغییر کرده؛ خودِ مقدار عوض نمی‌شود.
youtube,matched_query_ids,matched_query_ids,direct,"string ("";""-joined)",list/string,"v03 از قبل رشته "";""-جدا ذخیره می‌کند که با گزینه string نوع v05 سازگار است؛ اگر v05 نوع List واقعی بخواهد، split(';') لازم است.",derived,,q_iran_us_en_012;q_iran_us_fa_003,q_iran_us_en_012;q_iran_us_fa_003,pending,
youtube,query_version,query_version,direct,string,string,کپی مستقیم (registry_version).,derived,,qr_v7,qr_v7,pending,
youtube,source_id,source_id,direct,string,string,کپی مستقیم (lookup از channel registry).,derived,,YT-014,YT-014,pending,برای ویدیوهای کشف‌شده از query_search عمومی (نه کانال ثبت‌شده) این مقدار رشته خالی است.
youtube,source_registry_version,,missing,,string,,,هیچ نسخه‌گذاری برای Source Registry (channels.py / config/query_registry.yaml کانال‌ها) در کد فعلی وجود ندارد — فقط query_version (نسخه Query Registry) ثبت می‌شود. افزودن این فیلد نیازمند versioning جدید در channels.py است؛ حدس زده نشد.,,,pending,
youtube,discovery_route,discovery_route,converted,string (query_search/source_scope),string (query_search/hashtag/source_scope/channel_scope/seed),مقدار query_search مستقیم کپی می‌شود. مقدار source_scope فعلی برای کشف مبتنی بر کانال‌های ثبت‌شده (resolve_all_channels + channelId param) استفاده می‌شود.,derived,مشخص نیست آیا source_scope فعلی باید به channel_scope جدید v05 تغییر نام یابد یا همان source_scope بماند — هیچ‌کدام از دو سند crosswalk صریحی نداده؛ حدس زده نشد، نیاز به تصمیم تیم.,source_scope,source_scope (یا channel_scope — نامشخص),pending,
youtube,source_container,source_container,missing,string (channel title),string,,observed,تناقض بین §4 و §9 سند v05: §4 می‌گوید source_container باید مقدار «قابل‌خواندن» (نام Channel) باشد، اما §9 (نگاشت پلتفرمی YouTube) صراحتاً می‌نویسد source_container = channel_id — یعنی همان مقداری که در v03 به‌صورت source_container_id ذخیره می‌شود. کد فعلی channel_title را در source_container و channel_id را در source_container_id می‌گذارد. کدام مقدار مدنظر v05 است مشخص نیست — حدس زده نشد؛ مشابه سؤال باز #3 در docs/schema_migration_v03_to_v05_diff.md.,BBC Persian,(نامشخص — رجوع به missing_reason),pending,مرتبط با ردیف source_container_id زیر.
youtube,source_container_id,source_container_id,direct,string,string,کپی مستقیم (channel_id).,observed,,UCxxxxxxxxxxxxxxxxxxxxxxA,UCxxxxxxxxxxxxxxxxxxxxxxA,pending,مطابق تعریف عمومی §4 (ID پلتفرمی Container)؛ نگاه کنید به یادداشت source_container بالا برای ابهام §9.
youtube,source_parent_id,source_parent_id,direct,string,string,کپی مستقیم (video_id).,observed,,dQw4w9WgXcQ,dQw4w9WgXcQ,pending,مطابق §9: source_parent_id = video_id برای YouTube — همخوان با کد فعلی.
youtube,source_parent_title,source_parent_title,direct,string,string,کپی مستقیم (عنوان ویدیو).,observed,,Iran-US tensions: latest update,Iran-US tensions: latest update,pending,
youtube,parent_id,parent_id,direct,string,string,کپی مستقیم (id کامنت سطح اول، فقط برای Reply).,observed,,UgxKrE9f2QWvokh7t4AaABAg (برای reply) / خالی (برای comment),UgxKrE9f2QWvokh7t4AaABAg / خالی,pending,برای content_type=comment این فیلد خالی/None است — مطابق §9 که فقط برای Reply پر می‌شود.
youtube,permalink_hash,permalink_hash,direct,string (sha256 hex),string,کپی مستقیم؛ از قبل sha256 روی URL ساخته‌شده (نه URL خام).,derived,,9f86d081884c7d659a2feaa0c55ad015a3bf4f1b2b0b822cd15d6c15b0f00a0,9f86d081884c7d659a2feaa0c55ad015a3bf4f1b2b0b822cd15d6c15b0f00a0,pending,
youtube,original_file_name,,not_applicable,,string,,not_applicable,بخش §4.1 طبق docs/schema_migration_v03_to_v05_diff.md §2.1 فقط برای جریان ورودی فایل‌های Legacy همکاران طراحی شده، نه برای Collectorهای زنده مثل youtube_extract.py که هیچ «فایل تحویلی» ندارند و مستقیماً از YouTube Data API می‌خوانند.,,,pending,
youtube,original_file_sha256,,not_applicable,,string,,not_applicable,همان دلیل original_file_name — منبع فایل تحویلی وجود ندارد.,,,pending,
youtube,original_row_number,,not_applicable,,int,,not_applicable,همان دلیل original_file_name — هیچ فایل مبدأ با شماره ردیف وجود ندارد.,,,pending,
youtube,source_schema_version,,not_applicable,,string,,not_applicable,تعریف این فیلد («نسخه Schema داده‌شده به همکار») مخصوص جریان دریافت فایل از همکار انسانی است؛ youtube_extract.py یک Collector خودکار است که مستقیماً docs/raw_schema_v03.md را در کد پیاده می‌کند، نه نسخه‌ای «داده‌شده» به کسی — معادل مفهومی محکمی در کد وجود ندارد، حدس زده نشد.,,,pending,
youtube,source_query_registry_version,,not_applicable,,string,,not_applicable,مخصوص جریان Legacy است؛ با query_version (که در همین رکورد از قبل نگاشت شده) اشتباه گرفته نشود — query_version نسخه واقعی Registry در زمان run است.,,,pending,
youtube,record_uid,,not_applicable,,string,,not_applicable,YouTube API همیشه یک id واقعی (content_id) برای هر comment/reply برمی‌گرداند؛ مسیر Fallback ساخت record_uid (وقتی platform_content_id در مبدأ نباشد) هرگز برای این Collector فعال نمی‌شود.,,,pending,
youtube,id_origin,,derived,,string (observed/derived_row_key),constant: observed — چون platform_content_id همیشه از پاسخ واقعی API می‌آید (نه ساخته‌شده)، برای هر رکورد YouTube این Collector همیشه observed است.,derived,,,observed,pending,
youtube,timestamp_origin,,derived,,string (observed/parsed_from_source/unknown),constant: observed — created_at_utc مستقیماً از فیلد publishedAt پاسخ API می‌آید، هرگز از فرمت غیراستاندارد Parse نمی‌شود.,derived,,,observed,pending,
youtube,provenance_quality,,missing,,string (complete/reconstructed/partial/unknown),,,معیار دقیق درجه‌بندی در docs/legacy_data_intake_and_harmonization_plan_v1.md تعریف شده (این نگاشت آن سند را بررسی نکرده) و مشخص نیست اصلاً برای یک Collector کاملاً زنده (بدون فیلد بازسازی‌شده) قابل اعمال است یا نه — بدون خواندن آن سند حدس زده نشد.,,,pending,
youtube,field_origin,,missing,,string/json,,,این یک فیلد سطح-رکورد است که باید منشأ تک‌تک فیلدهای دیگر (observed/derived) را جمع‌بندی کند — دقیقاً همان اطلاعاتی که خودِ این سند، ستون‌به‌ستون، در ستون field_origin خودش ثبت کرده. تولید خودکار per-record نیازمند کد جدید در لایه harmonization است که این جدول نگاشت را به رکورد اعمال کند؛ به یک مقدار ثابت واحد قابل تقلیل نیست.,,,pending,
youtube,missing_reason,,missing,,string/json,,,مشابه field_origin — باید فهرست فیلدهای مهم ناموجود و علتشان را per-record بسازد. منبع صحت آن دقیقاً همین سند است (ردیف‌های mapping_status=missing: author_is_verified، engagement_shares/quotes/views، author_account_age_days، language_reported، content_status، source_registry_version، author_id_status، author_type) اما تجمیع خودکار آن‌ها به یک مقدار per-record هنوز پیاده نشده.,,,pending,
youtube,author_hash,author_hash,direct,string (sha256 hex),string,"کپی مستقیم. فرمول در 2026-08-12 با v05 §5 یکسان شد: sha256(f""{platform}:{channel_id}:{SALT}"") (src/ingestion/author_hash.py). Fallback به نام نمایشی هم حذف شد؛ در نبود channel_id مقدار None می‌ماند.",derived,,"hash_author('youtube', 'UCBjr2QgkUNToRbwVecMgX3Q')",19a0d00230af2de7cd43f20ec49109fe85e23efeee126ab18f2eb1514647bdb3,resolved,"قبلاً converted/missing بود (فرمول قدیم با v05 هم‌مقدار نبود) — طبق تصمیم docs/decision_log.md (2026-08-12) فرمول عوض و داده‌های قبلی با src/ingestion/backfill_author_hash_v05.py دوباره هش شدند (۸۲,۵۵۰ رکورد، صفر مورد channel_id غایب — Fallback نام‌نمایشی در عمل هرگز فعال نشده بود)."
youtube,author_id_status,,missing,,string,,,کد فعلی هیچ طبقه‌بندی available/deleted/unavailable/not_provided ندارد. author_channel_id گاهی None برمی‌گردد (وقتی API آن را افشا نمی‌کند) اما تشخیص علت (حساب حذف‌شده / بدون کانال عمومی / حریم‌خصوصی) بدون بررسی اضافی ممکن نیست.,,,pending,
youtube,author_type,,missing,,string,,,هیچ منطق طبقه‌بندی نویسنده کامنت (ordinary/media/official/organization/unknown) در youtube_extract.py وجود ندارد — با source_id/channel registry (که مربوط به کانال میزبان است، نه نویسنده کامنت) اشتباه گرفته نشود.,,,pending,
youtube,author_is_verified,author_is_verified,missing,,bool,,,ستون در v03 CSV هست ولی طبق کامنت خود کد (record_to_csv_row) همیشه خالی نوشته می‌شود — YouTube Comment API این را برنمی‌گرداند.,(همیشه خالی),,pending,
youtube,author_account_age_days,author_account_age_days,missing,,int,,,AuthorMetadata.account_age_days هرگز در youtube_extract.py مقداردهی نمی‌شود (در فراخوانی AuthorMetadata(...) دیده نمی‌شود)؛ طبق کامنت کد، از YouTube Comment API قابل دریافت نیست.,(همیشه خالی),,pending,
youtube,engagement_score,engagement_score,direct,int,float,کپی مستقیم مقدار عددی (likeCount)؛ نوع از int به float گسترش می‌یابد بدون افت اطلاعات.,observed,,12,12.0,pending,
youtube,engagement_replies,engagement_replies,direct,int,int,کپی مستقیم (totalReplyCount).,observed,,4,4,pending,برای content_type=reply این مقدار همیشه 0 است (Reply های تو در تو در commentThreads پشتیبانی نمی‌شوند) — محدودیت ساختار API، نه نقص نگاشت.
youtube,engagement_shares,engagement_shares,missing,,int,,,مفهوم Share/Repost برای کامنت‌های YouTube اصلاً وجود ندارد؛ commentThreads API چنین فیلدی برنمی‌گرداند.,(همیشه خالی),,pending,
youtube,engagement_quotes,engagement_quotes,missing,,int,,,مشابه engagement_shares — مفهوم Quote برای کامنت YouTube وجود ندارد.,(همیشه خالی),,pending,
youtube,engagement_views,engagement_views,missing,,int,,,get_video_details() فقط part=snippet فراخوانی می‌کند نه part=statistics، پس viewCount ویدیو اصلاً fetch نمی‌شود. حتی اگر fetch شود، این عدد به سطح ویدیو (video_context) تعلق دارد نه به رکورد کامنت — نیازمند تصمیم طراحی جدا.,(همیشه خالی),,pending,
youtube,engagement_collected_at_utc,engagement_collected_at_utc,direct,string (ISO 8601),datetime UTC,کپی از collected_at_utc + همان تبدیل نوع رشته→datetime.,derived,,2026-08-12T09:15:03Z,2026-08-12T09:15:03+00:00,pending,
youtube,language_reported,language_reported,missing,,string,,,YouTube commentThreads API فیلد زبان گزارش‌شده توسط پلتفرم را برنمی‌گرداند؛ language_detected با یک Heuristic محلی محاسبه می‌شود، نه از پلتفرم گزارش می‌شود.,(همیشه خالی),,pending,
youtube,language_detected,language_detected,converted,string (فقط en/fa/ar تولید می‌شود),string (en/fa/ar/other/unknown),Heuristic مبتنی بر بازه یونیکد اسکریپت متن (detect_language)، نه یک مدل احتمالاتی — مطابق §7 که Heuristic مستند را مجاز می‌داند.,derived,کد فعلی هرگز 'other' یا 'unknown' برنمی‌گرداند — هر متن غیر عربی‌اسکریپت پیش‌فرض 'en' برچسب می‌خورد حتی اگر واقعاً زبان دیگری باشد؛ پوشش enum ناقص است، محدودیت شناخته‌شده کد.,این خیلی بده -> fa,fa,pending,
youtube,language_confidence,language_confidence,direct,float (فقط 0.9 یا 0.5),float (0 تا 1),کپی مستقیم.,derived,,0.9,0.9,pending,مطابق §7 («مقدار ساختگی Confidence برای Rule-based ثبت نمی‌شود») این دو‌سطحی مستند و آگاهانه است، نه عدد ساختگی مدل.
youtube,content_status,content_status,missing,,string,,,پاسخ commentThreads.list هیچ فلگ حذف/Remove را برنمی‌گرداند؛ تشخیص active/deleted/removed/unavailable نیازمند فراخوانی جداگانه دوره‌ای (مثلاً comments.list) است که پیاده‌سازی نشده.,(همیشه خالی),,pending,
youtube,geo_method,geo_method,converted,string (geotag/profile/timezone/text_place/source_community/language_weak — geotag/profile/timezone عملاً هرگز تولید نمی‌شوند، طبق کامنت خود author_geo.py),string (geotag/profile/self_reported/other),نیاز به Enum Collapse: v03 شش مقدار (عملاً سه‌تای قابل‌تولید: text_place/source_community/language_weak) → v05 چهار مقدار.,derived,هیچ Crosswalk صریحی بین text_place/source_community/language_weak و self_reported/other در هیچ‌کدام از دو سند نیامده — مثلاً آیا text_place باید self_reported شود و source_community/language_weak هر دو other؟ حدس زده نشد؛ نیاز به تصمیم تیم (رجوع به docs/schema_migration_v03_to_v05_diff.md §1، ردیف آخر جدول).,source_community,(نامشخص — رجوع به missing_reason),pending,
youtube,country_or_region,country_or_region,direct,string (ISO 3166-1 alpha-2 یا unknown),string,کپی مستقیم.,derived,,IR,IR,pending,
youtube,geo_confidence,geo_confidence,direct,string (high/medium/low),string,کپی مستقیم.,derived,,low,low,pending,
reddit,platform,,derived,string,string,constant: reddit,derived,,,reddit,verified,
reddit,platform_content_id,content_id,direct,string,string,content_id برای کامنت comment_id و برای Submission post_id است.,observed,,12abc,12abc,verified,
reddit,content_type,content_type,converted,"string (comment/reply/submission)",string (8 مقدار §8),"submission → original_post؛ comment و reply بدون تغییر.",derived,,"comment,reply,submission→original_post",original_post,verified,
reddit,created_at_utc,date,converted,string (Z format),datetime UTC,Parse رشته Z-format به datetime UTC؛ مقدار تغییر نمی‌کند فقط نوع.,observed,,2026-03-05T12:00:00Z,2026-03-05T12:00:00+00:00,verified,reddit_raw_json_pipeline.unix_to_iso() همیشه UTC تولید می‌کند.
reddit,collected_at_utc,collected_at_utc,converted,string (Z format),datetime UTC,همان تبدیل created_at_utc.,derived,,2026-08-14T09:00:00Z,2026-08-14T09:00:00+00:00,verified,
reddit,text_raw,text,direct,string,string,کپی مستقیم متن کامنت/submission body.,observed,,این متن نظر است,این متن نظر است,verified,
reddit,collection_run_id,,missing,,string,,missing,reddit_to_record.py از CSV-های Selenium می‌خواند که collection_run_id ندارند — در Backfill با ID مصنوعی تنظیم می‌شود.,None,,verified,
reddit,collector_version,,derived,string,string,"constant: COLLECTOR_VERSION = 'reddit_to_record.py:v1'",derived,,,reddit_to_record.py:v1,verified,
reddit,schema_version,,derived,,string,constant: 5.0,derived,,,5.0,verified,
reddit,project_week,project_week,direct,string (W01..W21/OUT),string,کپی مستقیم.,derived,,W01,W01,verified,
reddit,in_window,in_window,direct,bool,bool,کپی مستقیم.,derived,,True,true,verified,
reddit,is_partial_week,is_partial_week,direct,bool,bool,کپی مستقیم.,derived,,False,false,verified,
reddit,query_id,query_id,direct,string,string,کپی مستقیم.,derived,,q_iran_us_fa_001,q_iran_us_fa_001,verified,
reddit,matched_query_ids,matched_query_ids,direct,"string ("";""-joined)",list/string,کپی مستقیم.,derived,,q001;q002,q001;q002,verified,
reddit,query_version,query_version,direct,string,string,کپی مستقیم.,derived,,v3.0,v3.0,verified,
reddit,source_id,source_id,direct,string,string,کپی مستقیم.,derived,,RD-001,RD-001,verified,
reddit,source_registry_version,,missing,,string,,missing,هیچ نسخه‌گذاری برای Source Registry Reddit وجود ندارد.,,,verified,
reddit,discovery_route,discovery_route,direct,string,string,کپی مستقیم.,derived,,query_search,query_search,verified,
reddit,source_container,source_container,direct,string (subreddit name),string,"subreddit — مطابق §9: source_container = subreddit.",observed,,worldnews,worldnews,verified,
reddit,source_container_id,source_container_id,direct,string (subreddit_id),string,شناسه پایدار سابردیت (t5_xxxx) — مطابق §9.,observed,,t5_2qh0u,t5_2qh0u,verified,
reddit,source_parent_id,post_id,converted,string,string,"comment/reply → post_id (submission ID)؛ original_post → null (submission خودش root-level است).",observed,,abc123,,verified,برای original_post نباید به خودش اشاره کند.
reddit,source_parent_title,post_title,direct,string,string,عنوان submission.,observed,,Iran nuclear deal latest,Iran nuclear deal latest,verified,
reddit,parent_id,parent_id,direct,string,string,شناسه کامنت والد مستقیم — فقط برای reply مقدار دارد.,observed,,,None,verified,
reddit,permalink_hash,permalink_hash,direct,string (sha256 hex),string,کپی مستقیم.,derived,,9f86d081...,9f86d081...,verified,
reddit,original_file_name,,not_applicable,,string,,not_applicable,reddit_to_record.py مستقیماً از CSV-های Selenium می‌خواند نه از فایل تحویلی — مشابه YouTube.,,,verified,
reddit,original_file_sha256,,not_applicable,,string,,not_applicable,همان دلیل original_file_name.,,,verified,
reddit,original_row_number,,not_applicable,,int,,not_applicable,همان دلیل original_file_name.,,,verified,
reddit,source_schema_version,,not_applicable,,string,,not_applicable,Collector مستقل از schema نسخه‌گذاری‌شده کار می‌کند.,,,verified,
reddit,source_query_registry_version,,not_applicable,,string,,not_applicable,همان دلیل source_schema_version.,,,verified,
reddit,record_uid,,not_applicable,,string,,not_applicable,Reddit API همیشه ID برای هر کامنت/submission برمی‌گرداند.,,,verified,
reddit,id_origin,,derived,,string,"constant: observed — شناسه از داده واقعی API (comment_id/post_id).",derived,,,observed,verified,
reddit,timestamp_origin,,derived,,string,"constant: observed — از UNIX timestamp واقعی API (reddit_raw_json_pipeline.unix_to_iso).",derived,,,observed,verified,
reddit,provenance_quality,,missing,,string,,missing,پیاده‌سازی نشده.,,,verified,
reddit,field_origin,,missing,,string/json,,missing,پیاده‌سازی نشده.,,,verified,
reddit,missing_reason,,missing,,string/json,,missing,پیاده‌سازی نشده.,,,verified,
reddit,author_hash,author_hash,direct,string (sha256 hex),string,"فرمول v05: sha256(f'reddit:{author_fullname}:{SALT}') — author_fullname پایدار است برخلاف username.",derived,,,hash...,verified,
reddit,author_id_status,author_id_status,direct,string,string,کپی مستقیم — available/deleted/unavailable/not_provided.,derived,,available,available,verified,
reddit,author_type,,missing,,string,,missing,هیچ منطق طبقه‌بندی نویسنده وجود ندارد.,,,verified,
reddit,author_is_verified,,not_applicable,,bool,,not_applicable,Reddit API وضعیت Verified نمایش نمی‌دهد.,,,verified,
reddit,author_account_age_days,account_age_days,missing,,int,,missing,در reddit_to_record.py مقداردهی نمی‌شود.,,,verified,
reddit,engagement_score,score,missing,,float,,missing,Reddit score (upvotes) در Record ذخیره نمی‌شود — صرفاً در CSV خام موجود است.,,,verified,
reddit,engagement_replies,,not_applicable,,int,,not_applicable,Reddit API reply_count برای کامنت‌های تو در تو برنمی‌گرداند.,,,verified,
reddit,engagement_shares,,not_applicable,,int,,not_applicable,Reddit مفهوم Share ندارد.,,,verified,
reddit,engagement_quotes,,not_applicable,,int,,not_applicable,Reddit مفهوم Quote ندارد.,,,verified,
reddit,engagement_views,,not_applicable,,int,,not_applicable,Reddit view count برای کامنت برنمی‌گرداند.,,,verified,
reddit,engagement_collected_at_utc,collected_at_utc,converted,string (Z format),datetime UTC,همان collected_at_utc.,derived,,2026-08-14T09:00:00Z,2026-08-14T09:00:00+00:00,verified,
reddit,language_reported,,not_applicable,,string,,not_applicable,Reddit API زبان محتوا را گزارش نمی‌دهد.,,,verified,
reddit,language_detected,language,direct,string,string,کپی مستقیم.,derived,,fa,fa,verified,
reddit,language_confidence,language_confidence,direct,float,float,کپی مستقیم.,derived,,0.9,0.9,verified,
reddit,content_status,content_status,direct,string,string,"active/deleted/removed — از content_status_for(text) در reddit_to_record.py.",observed,,active,active,verified,
reddit,geo_method,geo_method,direct,string,string,کپی مستقیم — عمدتاً language_weak یا text_place.,derived,,language_weak,language_weak,verified,
reddit,country_or_region,country_or_region,direct,string,string,کپی مستقیم.,derived,,IR,IR,verified,
reddit,geo_confidence,geo_confidence,direct,string,string,کپی مستقیم.,derived,,low,low,verified,
x,platform,platform,direct,string,string,"کپی مستقیم یا constant 'x' اگر خالی باشد.",derived,,,x,verified,
x,platform_content_id,content_id,direct,string,string,شناسه عددی توییت از x_scraper.py.,observed,,1234567890123456789,1234567890123456789,verified,
x,content_type,content_type,direct,"string (original_post/reply/quote/repost)",string,مستقیماً از x_raw.csv — مقادیر از قبل با v05 §8 سازگارند.,observed,,original_post,original_post,verified,
x,created_at_utc,date,converted,string (Z format),datetime UTC,Parse رشته Z-format به datetime UTC.,observed,,2026-03-05T12:00:00Z,2026-03-05T12:00:00+00:00,verified,
x,collected_at_utc,collected_at_utc,converted,string (Z format),datetime UTC,همان تبدیل created_at_utc.,derived,,2026-08-14T09:00:00Z,2026-08-14T09:00:00+00:00,verified,
x,text_raw,text,direct,string,string,کپی مستقیم.,observed,,This is a tweet,This is a tweet,verified,
x,collection_run_id,collection_run_id,direct,string,string,کپی مستقیم — ممکن است None باشد.,derived,,,x_run_001,verified,
x,collector_version,,missing,,string,,missing,"collector_version در x_raw.csv هست ولی در Record نیست — در Backfill از JSONL به null می‌رسد.",,,verified,
x,schema_version,,derived,,string,constant: 5.0,derived,,,5.0,verified,
x,project_week,project_week,direct,string (W01..W21/OUT),string,کپی مستقیم.,derived,,W01,W01,verified,
x,in_window,in_window,direct,bool,bool,کپی مستقیم.,derived,,True,true,verified,
x,is_partial_week,is_partial_week,direct,bool,bool,کپی مستقیم.,derived,,False,false,verified,
x,query_id,query_id,direct,string,string,کپی مستقیم.,derived,,q_iran_us_en_001,q_iran_us_en_001,verified,
x,matched_query_ids,matched_query_ids,direct,"string ("";""-joined)",list/string,کپی مستقیم.,derived,,q001;q002,q001;q002,verified,
x,query_version,query_version,direct,string,string,کپی مستقیم.,derived,,v3.0,v3.0,verified,
x,source_id,source_id,direct,string,string,کپی مستقیم.,derived,,X-001,X-001,verified,
x,source_registry_version,,missing,,string,,missing,هیچ نسخه‌گذاری برای Source Registry X وجود ندارد.,,,verified,
x,discovery_route,discovery_route,direct,string,string,کپی مستقیم.,derived,,query_search,query_search,verified,
x,source_container,source_container,direct,string,string,کپی مستقیم — ممکن است null باشد برای X.,derived,,,None,verified,
x,source_container_id,source_container_id,direct,string,string,کپی مستقیم.,derived,,,None,verified,
x,source_parent_id,,not_applicable,,string,,not_applicable,"x_scraper.py conversation_id را ثبت نمی‌کند — v05 §9 می‌خواهد ولی در داده موجود نیست.",,,verified,
x,source_parent_title,,not_applicable,,string,,not_applicable,X مفهوم عنوان جدا از توییت ندارد.,,,verified,
x,parent_id,parent_id,direct,string,string,کپی مستقیم — فقط برای reply مقدار دارد.,observed,,,None,verified,
x,permalink_hash,permalink_hash,direct,string (sha256 hex),string,کپی مستقیم.,observed,,,hash...,verified,
x,original_file_name,,not_applicable,,string,,not_applicable,Live collector path.,,,verified,
x,original_file_sha256,,not_applicable,,string,,not_applicable,Live collector path.,,,verified,
x,original_row_number,,not_applicable,,int,,not_applicable,Live collector path.,,,verified,
x,source_schema_version,,not_applicable,,string,,not_applicable,Live collector path.,,,verified,
x,source_query_registry_version,,not_applicable,,string,,not_applicable,Live collector path.,,,verified,
x,record_uid,,not_applicable,,string,,not_applicable,x_scraper.py همیشه شناسه توییت دارد.,,,verified,
x,id_origin,,derived,,string,"constant: observed — شناسه توییت از scraping واقعی.",derived,,,observed,verified,
x,timestamp_origin,,derived,,string,"constant: observed — timestamp از داده scraped مستقیماً.",derived,,,observed,verified,
x,provenance_quality,,missing,,string,,missing,پیاده‌سازی نشده.,,,verified,
x,field_origin,,missing,,string/json,,missing,پیاده‌سازی نشده.,,,verified,
x,missing_reason,,missing,,string/json,,missing,پیاده‌سازی نشده.,,,verified,
x,author_hash,author_hash,direct,string (sha256 hex),string,"فقط وقتی handle واقعی Resolve شده (author_hash_method=handle_fallback_v1)؛ content_id-based fallback hash وارد Record نمی‌شود.",derived,,,hash...,verified,
x,author_id_status,author_id_status,direct,string,string,کپی مستقیم — available/unavailable.,derived,,available,available,verified,
x,author_type,,missing,,string,,missing,هیچ منطق طبقه‌بندی وجود ندارد.,,,verified,
x,author_is_verified,,missing,,bool,,missing,"author_is_verified در x_raw.csv هست ولی در Record نیست — Backfill از JSONL: null.",,,verified,
x,author_account_age_days,account_age_days,direct,int,int,کپی از AuthorMetadata.account_age_days.,observed,,,None,verified,
x,engagement_score,,missing,,float,,missing,"engagement_score در x_raw.csv هست ولی در Record نیست — Backfill از JSONL: null.",,,verified,
x,engagement_replies,,missing,,int,,missing,"engagement_replies در x_raw.csv هست ولی در Record نیست — Backfill از JSONL: null.",,,verified,
x,engagement_shares,,missing,,int,,missing,"engagement_shares (Retweet) در x_raw.csv هست ولی در Record نیست — Backfill از JSONL: null.",,,verified,
x,engagement_quotes,,missing,,int,,missing,"engagement_quotes در x_raw.csv هست ولی در Record نیست — Backfill از JSONL: null.",,,verified,
x,engagement_views,,missing,,int,,missing,"engagement_views در x_raw.csv هست ولی در Record نیست — Backfill از JSONL: null.",,,verified,
x,engagement_collected_at_utc,collected_at_utc,converted,string (Z format),datetime UTC,همان collected_at_utc.,derived,,2026-08-14T09:00:00Z,2026-08-14T09:00:00+00:00,verified,
x,language_reported,,missing,,string,,missing,"language_reported در x_raw.csv هست ولی در Record نیست — Backfill از JSONL: null.",,,verified,
x,language_detected,language,direct,string,string,کپی مستقیم.,derived,,en,en,verified,
x,language_confidence,language_confidence,direct,float,float,کپی مستقیم.,derived,,0.9,0.9,verified,
x,content_status,content_status,direct,string,string,کپی مستقیم.,observed,,active,active,verified,
x,geo_method,geo_method,direct,string,string,کپی مستقیم — عملاً همیشه null برای X (wired نشده).,derived,,,None,verified,
x,country_or_region,country_or_region,direct,string,string,کپی مستقیم.,derived,,,None,verified,
x,geo_confidence,geo_confidence,direct,string,string,کپی مستقیم.,derived,,,None,verified,
