project_week,asset_id,expected_market_open_days,source_observation_days,calendar_confidence,n_return_obs,return_coverage_ratio,coverage_status,week_is_partial_by_design
W01,GOLD_USD,5,5,reference_inferred,4,0.8,adequate,False
W01,IRR_GOLD18,6,6,reference_inferred,5,0.8333333333333334,adequate,False
W01,IRR_USD,6,6,reference_inferred,5,0.8333333333333334,adequate,False
W01,OIL_BRENT,5,5,reference_inferred,4,0.8,adequate,False
W01,OIL_WTI,5,5,reference_inferred,4,0.8,adequate,False
W01,SP500,5,5,reference_inferred,4,0.8,adequate,False
W01,TEDPIX,0,0,reference_inferred,0,,no_scheduled_market_day,False
W01,VIX,5,5,reference_inferred,4,0.8,adequate,False
W02,GOLD_USD,5,5,reference_inferred,5,1.0,adequate,False
W02,IRR_GOLD18,6,6,reference_inferred,6,1.0,adequate,False
W02,IRR_USD,6,6,reference_inferred,6,1.0,adequate,False
W02,OIL_BRENT,5,5,reference_inferred,5,1.0,adequate,False
W02,OIL_WTI,5,5,reference_inferred,5,1.0,adequate,False
W02,SP500,5,5,reference_inferred,5,1.0,adequate,False
W02,TEDPIX,0,0,reference_inferred,0,,no_scheduled_market_day,False
W02,VIX,5,5,reference_inferred,5,1.0,adequate,False
W03,GOLD_USD,5,5,reference_inferred,5,1.0,adequate,False
W03,IRR_GOLD18,6,6,reference_inferred,6,1.0,adequate,False
W03,IRR_USD,6,6,reference_inferred,6,1.0,adequate,False
W03,OIL_BRENT,5,5,reference_inferred,5,1.0,adequate,False
W03,OIL_WTI,5,5,reference_inferred,5,1.0,adequate,False
W03,SP500,5,5,reference_inferred,5,1.0,adequate,False
W03,TEDPIX,0,0,reference_inferred,0,,no_scheduled_market_day,False
W03,VIX,5,5,reference_inferred,5,1.0,adequate,False
W04,GOLD_USD,5,5,reference_inferred,5,1.0,adequate,False
W04,IRR_GOLD18,6,6,reference_inferred,6,1.0,adequate,False
W04,IRR_USD,6,6,reference_inferred,6,1.0,adequate,False
W04,OIL_BRENT,5,5,reference_inferred,5,1.0,adequate,False
W04,OIL_WTI,5,5,reference_inferred,5,1.0,adequate,False
W04,SP500,5,5,reference_inferred,5,1.0,adequate,False
W04,TEDPIX,0,0,reference_inferred,0,,no_scheduled_market_day,False
W04,VIX,5,5,reference_inferred,5,1.0,adequate,False
W05,GOLD_USD,4,4,reference_inferred,4,1.0,adequate,False
W05,IRR_GOLD18,6,6,reference_inferred,6,1.0,adequate,False
W05,IRR_USD,6,6,reference_inferred,6,1.0,adequate,False
W05,OIL_BRENT,4,4,reference_inferred,4,1.0,adequate,False
W05,OIL_WTI,4,4,reference_inferred,4,1.0,adequate,False
W05,SP500,4,4,reference_inferred,4,1.0,adequate,False
W05,TEDPIX,0,0,reference_inferred,0,,no_scheduled_market_day,False
W05,VIX,4,4,reference_inferred,4,1.0,adequate,False
W06,GOLD_USD,5,5,reference_inferred,5,1.0,adequate,False
W06,IRR_GOLD18,6,6,reference_inferred,6,1.0,adequate,False
W06,IRR_USD,6,6,reference_inferred,6,1.0,adequate,False
W06,OIL_BRENT,5,5,reference_inferred,5,1.0,adequate,False
W06,OIL_WTI,5,5,reference_inferred,5,1.0,adequate,False
W06,SP500,5,5,reference_inferred,5,1.0,adequate,False
W06,TEDPIX,0,0,reference_inferred,0,,no_scheduled_market_day,False
W06,VIX,5,5,reference_inferred,5,1.0,adequate,False
W07,GOLD_USD,5,5,reference_inferred,5,1.0,adequate,False
W07,IRR_GOLD18,6,6,reference_inferred,6,1.0,adequate,False
W07,IRR_USD,6,6,reference_inferred,6,1.0,adequate,False
W07,OIL_BRENT,5,5,reference_inferred,5,1.0,adequate,False
W07,OIL_WTI,5,5,reference_inferred,5,1.0,adequate,False
W07,SP500,5,5,reference_inferred,5,1.0,adequate,False
W07,TEDPIX,0,0,reference_inferred,0,,no_scheduled_market_day,False
W07,VIX,5,5,reference_inferred,5,1.0,adequate,False
W08,GOLD_USD,5,5,reference_inferred,5,1.0,adequate,False
W08,IRR_GOLD18,6,6,reference_inferred,6,1.0,adequate,False
W08,IRR_USD,6,6,reference_inferred,6,1.0,adequate,False
W08,OIL_BRENT,5,5,reference_inferred,5,1.0,adequate,False
W08,OIL_WTI,5,5,reference_inferred,5,1.0,adequate,False
W08,SP500,5,5,reference_inferred,5,1.0,adequate,False
W08,TEDPIX,0,0,reference_inferred,0,,no_scheduled_market_day,False
W08,VIX,5,5,reference_inferred,5,1.0,adequate,False
W09,GOLD_USD,5,5,reference_inferred,5,1.0,adequate,False
W09,IRR_GOLD18,6,6,reference_inferred,6,1.0,adequate,False
W09,IRR_USD,6,6,reference_inferred,6,1.0,adequate,False
W09,OIL_BRENT,5,5,reference_inferred,5,1.0,adequate,False
W09,OIL_WTI,5,5,reference_inferred,5,1.0,adequate,False
W09,SP500,5,5,reference_inferred,5,1.0,adequate,False
W09,TEDPIX,0,0,reference_inferred,0,,no_scheduled_market_day,False
W09,VIX,5,5,reference_inferred,5,1.0,adequate,False
W10,GOLD_USD,5,5,reference_inferred,5,1.0,adequate,False
W10,IRR_GOLD18,6,6,reference_inferred,6,1.0,adequate,False
W10,IRR_USD,6,6,reference_inferred,6,1.0,adequate,False
W10,OIL_BRENT,5,5,reference_inferred,5,1.0,adequate,False
W10,OIL_WTI,5,5,reference_inferred,5,1.0,adequate,False
W10,SP500,5,5,reference_inferred,5,1.0,adequate,False
W10,TEDPIX,0,0,reference_inferred,0,,no_scheduled_market_day,False
W10,VIX,5,5,reference_inferred,5,1.0,adequate,False
W11,GOLD_USD,5,5,reference_inferred,5,1.0,adequate,False
W11,IRR_GOLD18,6,6,reference_inferred,6,1.0,adequate,False
W11,IRR_USD,6,6,reference_inferred,6,1.0,adequate,False
W11,OIL_BRENT,5,5,reference_inferred,5,1.0,adequate,False
W11,OIL_WTI,5,5,reference_inferred,5,1.0,adequate,False
W11,SP500,5,5,reference_inferred,5,1.0,adequate,False
W11,TEDPIX,0,0,reference_inferred,0,,no_scheduled_market_day,False
W11,VIX,5,5,reference_inferred,5,1.0,adequate,False
W12,GOLD_USD,5,5,reference_inferred,5,1.0,adequate,False
W12,IRR_GOLD18,6,6,reference_inferred,6,1.0,adequate,False
W12,IRR_USD,6,6,reference_inferred,6,1.0,adequate,False
W12,OIL_BRENT,5,5,reference_inferred,5,1.0,adequate,False
W12,OIL_WTI,5,5,reference_inferred,5,1.0,adequate,False
W12,SP500,5,5,reference_inferred,5,1.0,adequate,False
W12,TEDPIX,2,2,reference_inferred,1,0.5,limited,False
W12,VIX,5,5,reference_inferred,5,1.0,adequate,False
W13,GOLD_USD,4,4,reference_inferred,4,1.0,adequate,False
W13,IRR_GOLD18,6,6,reference_inferred,6,1.0,adequate,False
W13,IRR_USD,6,6,reference_inferred,6,1.0,adequate,False
W13,OIL_BRENT,4,4,reference_inferred,4,1.0,adequate,False
W13,OIL_WTI,4,4,reference_inferred,4,1.0,adequate,False
W13,SP500,4,4,reference_inferred,4,1.0,adequate,False
W13,TEDPIX,4,4,reference_inferred,4,1.0,adequate,False
W13,VIX,4,5,reference_inferred,5,1.25,adequate,False
W14,GOLD_USD,5,5,reference_inferred,5,1.0,adequate,False
W14,IRR_GOLD18,6,6,reference_inferred,6,1.0,adequate,False
W14,IRR_USD,6,6,reference_inferred,6,1.0,adequate,False
W14,OIL_BRENT,5,5,reference_inferred,5,1.0,adequate,False
W14,OIL_WTI,5,5,reference_inferred,5,1.0,adequate,False
W14,SP500,5,5,reference_inferred,5,1.0,adequate,False
W14,TEDPIX,5,5,reference_inferred,5,1.0,adequate,False
W14,VIX,5,5,reference_inferred,5,1.0,adequate,False
W15,GOLD_USD,5,5,reference_inferred,5,1.0,adequate,False
W15,IRR_GOLD18,6,6,reference_inferred,6,1.0,adequate,False
W15,IRR_USD,6,6,reference_inferred,6,1.0,adequate,False
W15,OIL_BRENT,5,5,reference_inferred,5,1.0,adequate,False
W15,OIL_WTI,5,5,reference_inferred,5,1.0,adequate,False
W15,SP500,5,5,reference_inferred,5,1.0,adequate,False
W15,TEDPIX,5,5,reference_inferred,5,1.0,adequate,False
W15,VIX,5,5,reference_inferred,5,1.0,adequate,False
W16,GOLD_USD,4,4,reference_inferred,4,1.0,adequate,False
W16,IRR_GOLD18,6,6,reference_inferred,6,1.0,adequate,False
W16,IRR_USD,6,6,reference_inferred,6,1.0,adequate,False
W16,OIL_BRENT,4,4,reference_inferred,4,1.0,adequate,False
W16,OIL_WTI,4,4,reference_inferred,4,1.0,adequate,False
W16,SP500,4,4,reference_inferred,4,1.0,adequate,False
W16,TEDPIX,5,5,reference_inferred,5,1.0,adequate,False
W16,VIX,4,4,reference_inferred,4,1.0,adequate,False
W17,GOLD_USD,5,5,reference_inferred,5,1.0,adequate,False
W17,IRR_GOLD18,6,6,reference_inferred,6,1.0,adequate,False
W17,IRR_USD,6,6,reference_inferred,6,1.0,adequate,False
W17,OIL_BRENT,5,5,reference_inferred,5,1.0,adequate,False
W17,OIL_WTI,5,5,reference_inferred,5,1.0,adequate,False
W17,SP500,5,5,reference_inferred,5,1.0,adequate,False
W17,TEDPIX,4,4,reference_inferred,4,1.0,adequate,False
W17,VIX,5,5,reference_inferred,5,1.0,adequate,False
W18,GOLD_USD,4,4,reference_inferred,4,1.0,adequate,False
W18,IRR_GOLD18,6,6,reference_inferred,6,1.0,adequate,False
W18,IRR_USD,6,6,reference_inferred,6,1.0,adequate,False
W18,OIL_BRENT,4,4,reference_inferred,4,1.0,adequate,False
W18,OIL_WTI,4,4,reference_inferred,4,1.0,adequate,False
W18,SP500,4,4,reference_inferred,4,1.0,adequate,False
W18,TEDPIX,5,5,reference_inferred,5,1.0,adequate,False
W18,VIX,4,4,reference_inferred,4,1.0,adequate,False
W19,GOLD_USD,5,5,reference_inferred,5,1.0,adequate,False
W19,IRR_GOLD18,6,6,reference_inferred,6,1.0,adequate,False
W19,IRR_USD,6,6,reference_inferred,6,1.0,adequate,False
W19,OIL_BRENT,5,5,reference_inferred,5,1.0,adequate,False
W19,OIL_WTI,5,5,reference_inferred,5,1.0,adequate,False
W19,SP500,5,5,reference_inferred,5,1.0,adequate,False
W19,TEDPIX,2,2,reference_inferred,2,1.0,adequate,False
W19,VIX,5,5,reference_inferred,5,1.0,adequate,False
W20,GOLD_USD,5,5,reference_inferred,5,1.0,adequate,False
W20,IRR_GOLD18,6,6,reference_inferred,6,1.0,adequate,False
W20,IRR_USD,6,6,reference_inferred,6,1.0,adequate,False
W20,OIL_BRENT,5,5,reference_inferred,5,1.0,adequate,False
W20,OIL_WTI,5,5,reference_inferred,5,1.0,adequate,False
W20,SP500,5,5,reference_inferred,5,1.0,adequate,False
W20,TEDPIX,5,5,reference_inferred,5,1.0,adequate,False
W20,VIX,5,5,reference_inferred,5,1.0,adequate,False
W21,GOLD_USD,3,3,reference_inferred,3,1.0,adequate,True
W21,IRR_GOLD18,5,5,reference_inferred,5,1.0,adequate,True
W21,IRR_USD,5,5,reference_inferred,5,1.0,adequate,True
W21,OIL_BRENT,3,3,reference_inferred,3,1.0,adequate,True
W21,OIL_WTI,3,3,reference_inferred,3,1.0,adequate,True
W21,SP500,3,3,reference_inferred,3,1.0,adequate,True
W21,TEDPIX,5,5,reference_inferred,5,1.0,adequate,True
W21,VIX,3,3,reference_inferred,3,1.0,adequate,True
